TIMESTAMP,P
5/5/2022 11:30,0
5/5/2022 12:00,0
5/5/2022 12:30,0
5/5/2022 13:00,0
5/5/2022 13:30,0
5/5/2022 14:00,0
5/5/2022 14:30,0
5/5/2022 15:00,0
5/5/2022 15:30,0
5/5/2022 16:00,0
5/5/2022 16:30,0
5/5/2022 17:00,0
5/5/2022 17:30,0
5/5/2022 18:00,0
5/5/2022 18:30,0
5/5/2022 19:00,0
5/5/2022 19:30,0
5/5/2022 20:00,0
5/5/2022 20:30,0
5/5/2022 21:00,0
5/5/2022 21:30,0
5/5/2022 22:00,0
5/5/2022 22:30,0
5/5/2022 23:00,0
5/5/2022 23:30,0
5/6/2022 0:00,0
5/6/2022 0:30,0
5/6/2022 1:00,0
5/6/2022 1:30,0
5/6/2022 2:00,0
5/6/2022 2:30,0
5/6/2022 3:00,0
5/6/2022 3:30,0
5/6/2022 4:00,0
5/6/2022 4:30,0
5/6/2022 5:00,0
5/6/2022 5:30,0
5/6/2022 6:00,0
5/6/2022 6:30,0
5/6/2022 7:00,0
5/6/2022 7:30,0
5/6/2022 8:00,0
5/6/2022 8:30,0
5/6/2022 9:00,0
5/6/2022 9:30,0
5/6/2022 10:00,0
5/6/2022 10:30,0
5/6/2022 11:00,0
5/6/2022 11:30,0
5/6/2022 12:00,0
5/6/2022 12:30,0
5/6/2022 13:00,0
5/6/2022 13:30,0
5/6/2022 14:00,0
5/6/2022 14:30,0
5/6/2022 15:00,0
5/6/2022 15:30,0
5/6/2022 16:00,0
5/6/2022 16:30,0
5/6/2022 17:00,0
5/6/2022 17:30,0
5/6/2022 18:00,0
5/6/2022 18:30,0
5/6/2022 19:00,0
5/6/2022 19:30,0
5/6/2022 20:00,0
5/6/2022 20:30,0
5/6/2022 21:00,0
5/6/2022 21:30,0
5/6/2022 22:00,0
5/6/2022 22:30,0
5/6/2022 23:00,0
5/6/2022 23:30,0
5/7/2022 0:00,0
5/7/2022 0:30,0
5/7/2022 1:00,0
5/7/2022 1:30,0
5/7/2022 2:00,0
5/7/2022 2:30,0
5/7/2022 3:00,0
5/7/2022 3:30,0
5/7/2022 4:00,0
5/7/2022 4:30,0
5/7/2022 5:00,0
5/7/2022 5:30,0
5/7/2022 6:00,0
5/7/2022 6:30,0
5/7/2022 7:00,0
5/7/2022 7:30,0
5/7/2022 8:00,0
5/7/2022 8:30,0
5/7/2022 9:00,0
5/7/2022 9:30,0
5/7/2022 10:00,0
5/7/2022 10:30,0
5/7/2022 11:00,0
5/7/2022 11:30,0
5/7/2022 12:00,0
5/7/2022 12:30,0
5/7/2022 13:00,0
5/7/2022 13:30,0
5/7/2022 14:00,0
5/7/2022 14:30,0
5/7/2022 15:00,0
5/7/2022 15:30,0
5/7/2022 16:00,0
5/7/2022 16:30,0
5/7/2022 17:00,0
5/7/2022 17:30,0
5/7/2022 18:00,0
5/7/2022 18:30,0
5/7/2022 19:00,0
5/7/2022 19:30,0
5/7/2022 20:00,0
5/7/2022 20:30,0
5/7/2022 21:00,0
5/7/2022 21:30,0
5/7/2022 22:00,0
5/7/2022 22:30,0
5/7/2022 23:00,0
5/7/2022 23:30,0
5/8/2022 0:00,0
5/8/2022 0:30,0
5/8/2022 1:00,0
5/8/2022 1:30,0
5/8/2022 2:00,0
5/8/2022 2:30,0
5/8/2022 3:00,0
5/8/2022 3:30,0
5/8/2022 4:00,0
5/8/2022 4:30,0
5/8/2022 5:00,0
5/8/2022 5:30,0
5/8/2022 6:00,0
5/8/2022 6:30,0
5/8/2022 7:00,0
5/8/2022 7:30,0
5/8/2022 8:00,0
5/8/2022 8:30,0
5/8/2022 9:00,0
5/8/2022 9:30,0
5/8/2022 10:00,0
5/8/2022 10:30,0
5/8/2022 11:00,0
5/8/2022 11:30,0
5/8/2022 12:00,0
5/8/2022 12:30,0
5/8/2022 13:00,0
5/8/2022 13:30,0
5/8/2022 14:00,0
5/8/2022 14:30,0
5/8/2022 15:00,0
5/8/2022 15:30,0
5/8/2022 16:00,0
5/8/2022 16:30,0
5/8/2022 17:00,0
5/8/2022 17:30,0
5/8/2022 18:00,0
5/8/2022 18:30,0
5/8/2022 19:00,0
5/8/2022 19:30,0
5/8/2022 20:00,0
5/8/2022 20:30,0
5/8/2022 21:00,0
5/8/2022 21:30,0
5/8/2022 22:00,0
5/8/2022 22:30,0
5/8/2022 23:00,0
5/8/2022 23:30,0
5/9/2022 0:00,0
5/9/2022 0:30,0
5/9/2022 1:00,0
5/9/2022 1:30,0
5/9/2022 2:00,0
5/9/2022 2:30,0
5/9/2022 3:00,0
5/9/2022 3:30,0
5/9/2022 4:00,0
5/9/2022 4:30,0
5/9/2022 5:00,0
5/9/2022 5:30,0
5/9/2022 6:00,0
5/9/2022 6:30,0
5/9/2022 7:00,0
5/9/2022 7:30,0
5/9/2022 8:00,0
5/9/2022 8:30,0
5/9/2022 9:00,0
5/9/2022 9:30,0
5/9/2022 10:00,0
5/9/2022 10:30,0
5/9/2022 11:00,0
5/9/2022 11:30,0
5/9/2022 12:00,0
5/9/2022 12:30,0
5/9/2022 13:00,0
5/9/2022 13:30,0
5/9/2022 14:00,0
5/9/2022 14:30,0
5/9/2022 15:00,0
5/9/2022 15:30,0
5/9/2022 16:00,0
5/9/2022 16:30,0
5/9/2022 17:00,0
5/9/2022 17:30,0
5/9/2022 18:00,0
5/9/2022 18:30,0
5/9/2022 19:00,0
5/9/2022 19:30,0
5/9/2022 20:00,0
5/9/2022 20:30,0
5/9/2022 21:00,0
5/9/2022 21:30,0
5/9/2022 22:00,0
5/9/2022 22:30,0
5/9/2022 23:00,0
5/9/2022 23:30,0
5/10/2022 0:00,0
5/10/2022 0:30,0
5/10/2022 1:00,0
5/10/2022 1:30,0
5/10/2022 2:00,0
5/10/2022 2:30,0
5/10/2022 3:00,0
5/10/2022 3:30,0
5/10/2022 4:00,0
5/10/2022 4:30,0
5/10/2022 5:00,0
5/10/2022 5:30,0
5/10/2022 6:00,0
5/10/2022 6:30,0
5/10/2022 7:00,0
5/10/2022 7:30,0
5/10/2022 8:00,0
5/10/2022 8:30,0
5/10/2022 9:00,0
5/10/2022 9:30,0
5/10/2022 10:00,0
5/10/2022 10:30,0
5/10/2022 11:00,0
5/10/2022 11:30,0
5/10/2022 12:00,0
5/10/2022 12:30,0
5/10/2022 13:00,0
5/10/2022 13:30,0
5/10/2022 14:00,0
5/10/2022 14:30,0
5/10/2022 15:00,0
5/10/2022 15:30,0
5/10/2022 16:00,0
5/10/2022 16:30,0
5/10/2022 17:00,0
5/10/2022 17:30,0
5/10/2022 18:00,0
5/10/2022 18:30,0
5/10/2022 19:00,0
5/10/2022 19:30,0
5/10/2022 20:00,0
5/10/2022 20:30,0
5/10/2022 21:00,0
5/10/2022 21:30,0
5/10/2022 22:00,0
5/10/2022 22:30,0
5/10/2022 23:00,0
5/10/2022 23:30,0
5/11/2022 0:00,0
5/11/2022 0:30,0
5/11/2022 1:00,0
5/11/2022 1:30,0
5/11/2022 2:00,0
5/11/2022 2:30,0
5/11/2022 3:00,0
5/11/2022 3:30,0
5/11/2022 4:00,0
5/11/2022 4:30,0
5/11/2022 5:00,0
5/11/2022 5:30,0
5/11/2022 6:00,0
5/11/2022 6:30,0
5/11/2022 7:00,0
5/11/2022 7:30,0
5/11/2022 8:00,0
5/11/2022 8:30,0
5/11/2022 9:00,0
5/11/2022 9:30,0
5/11/2022 10:00,0
5/11/2022 10:30,0
5/11/2022 11:00,0
5/11/2022 11:30,0
5/11/2022 12:00,0
5/11/2022 12:30,0
5/11/2022 13:00,0
5/11/2022 13:30,0
5/11/2022 14:00,0
5/11/2022 14:30,0
5/11/2022 15:00,0
5/11/2022 15:30,0
5/11/2022 16:00,0
5/11/2022 16:30,0
5/11/2022 17:00,0
5/11/2022 17:30,0
5/11/2022 18:00,0
5/11/2022 18:30,0
5/11/2022 19:00,0
5/11/2022 19:30,0
5/11/2022 20:00,0
5/11/2022 20:30,0
5/11/2022 21:00,0
5/11/2022 21:30,0
5/11/2022 22:00,0
5/11/2022 22:30,0
5/11/2022 23:00,0
5/11/2022 23:30,0
5/12/2022 0:00,0
5/12/2022 0:30,0
5/12/2022 1:00,0
5/12/2022 1:30,0
5/12/2022 2:00,0
5/12/2022 2:30,0
5/12/2022 3:00,0
5/12/2022 3:30,0
5/12/2022 4:00,0
5/12/2022 4:30,0
5/12/2022 5:00,0
5/12/2022 5:30,0
5/12/2022 6:00,0
5/12/2022 6:30,0
5/12/2022 7:00,0
5/12/2022 7:30,0
5/12/2022 8:00,0
5/12/2022 8:30,0
5/12/2022 9:00,0
5/12/2022 9:30,0
5/12/2022 10:00,0
5/12/2022 10:30,0
5/12/2022 11:00,0
5/12/2022 11:30,0
5/12/2022 12:00,0
5/12/2022 12:30,0
5/12/2022 13:00,0
5/12/2022 13:30,0
5/12/2022 14:00,0
5/12/2022 14:30,0
5/12/2022 15:00,0
5/12/2022 15:30,0
5/12/2022 16:00,0
5/12/2022 16:30,0
5/12/2022 17:00,0
5/12/2022 17:30,0
5/12/2022 18:00,0
5/12/2022 18:30,0
5/12/2022 19:00,0
5/12/2022 19:30,0
5/12/2022 20:00,0
5/12/2022 20:30,0
5/12/2022 21:00,0
5/12/2022 21:30,0
5/12/2022 22:00,0
5/12/2022 22:30,0
5/12/2022 23:00,0
5/12/2022 23:30,0
5/13/2022 0:00,0
5/13/2022 0:30,0
5/13/2022 1:00,0
5/13/2022 1:30,0
5/13/2022 2:00,0
5/13/2022 2:30,0
5/13/2022 3:00,0
5/13/2022 3:30,0
5/13/2022 4:00,0
5/13/2022 4:30,0
5/13/2022 5:00,0
5/13/2022 5:30,0
5/13/2022 6:00,0
5/13/2022 6:30,0
5/13/2022 7:00,0
5/13/2022 7:30,0
5/13/2022 8:00,0
5/13/2022 8:30,0
5/13/2022 9:00,0
5/13/2022 9:30,0
5/13/2022 10:00,0
5/13/2022 10:30,0
5/13/2022 11:00,0
5/13/2022 11:30,0
5/13/2022 12:00,0
5/13/2022 12:30,0
5/13/2022 13:00,0
5/13/2022 13:30,0
5/13/2022 14:00,0
5/13/2022 14:30,0
5/13/2022 15:00,0
5/13/2022 15:30,0
5/13/2022 16:00,0
5/13/2022 16:30,0
5/13/2022 17:00,0
5/13/2022 17:30,0
5/13/2022 18:00,0
5/13/2022 18:30,0
5/13/2022 19:00,0
5/13/2022 19:30,0
5/13/2022 20:00,0
5/13/2022 20:30,0
5/13/2022 21:00,0
5/13/2022 21:30,0
5/13/2022 22:00,0
5/13/2022 22:30,0
5/13/2022 23:00,0
5/13/2022 23:30,0
5/14/2022 0:00,0
5/14/2022 0:30,0
5/14/2022 1:00,0
5/14/2022 1:30,0
5/14/2022 2:00,0
5/14/2022 2:30,0
5/14/2022 3:00,0
5/14/2022 3:30,0
5/14/2022 4:00,0
5/14/2022 4:30,0
5/14/2022 5:00,0
5/14/2022 5:30,0
5/14/2022 6:00,0
5/14/2022 6:30,0
5/14/2022 7:00,0
5/14/2022 7:30,0
5/14/2022 8:00,0
5/14/2022 8:30,0
5/14/2022 9:00,0
5/14/2022 9:30,0
5/14/2022 10:00,0
5/14/2022 10:30,0
5/14/2022 11:00,0
5/14/2022 11:30,0
5/14/2022 12:00,0
5/14/2022 12:30,0
5/14/2022 13:00,0
5/14/2022 13:30,0
5/14/2022 14:00,0
5/14/2022 14:30,0
5/14/2022 15:00,0
5/14/2022 15:30,0
5/14/2022 16:00,0
5/14/2022 16:30,0
5/14/2022 17:00,0
5/14/2022 17:30,0
5/14/2022 18:00,0
5/14/2022 18:30,0
5/14/2022 19:00,0
5/14/2022 19:30,0
5/14/2022 20:00,0
5/14/2022 20:30,0
5/14/2022 21:00,0
5/14/2022 21:30,0
5/14/2022 22:00,0
5/14/2022 22:30,0
5/14/2022 23:00,0
5/14/2022 23:30,0
5/15/2022 0:00,0
5/15/2022 0:30,0
5/15/2022 1:00,0
5/15/2022 1:30,0
5/15/2022 2:00,0
5/15/2022 2:30,0
5/15/2022 3:00,0
5/15/2022 3:30,0
5/15/2022 4:00,0
5/15/2022 4:30,0
5/15/2022 5:00,0
5/15/2022 5:30,0
5/15/2022 6:00,0
5/15/2022 6:30,0
5/15/2022 7:00,0
5/15/2022 7:30,0
5/15/2022 8:00,0
5/15/2022 8:30,0
5/15/2022 9:00,0
5/15/2022 9:30,0
5/15/2022 10:00,0
5/15/2022 10:30,0
5/15/2022 11:00,0
5/15/2022 11:30,0
5/15/2022 12:00,0
5/15/2022 12:30,0
5/15/2022 13:00,0
5/15/2022 13:30,0
5/15/2022 14:00,0
5/15/2022 14:30,0
5/15/2022 15:00,0
5/15/2022 15:30,0
5/15/2022 16:00,0
5/15/2022 16:30,0
5/15/2022 17:00,0
5/15/2022 17:30,0
5/15/2022 18:00,0
5/15/2022 18:30,0
5/15/2022 19:00,0
5/15/2022 19:30,0
5/15/2022 20:00,0
5/15/2022 20:30,0
5/15/2022 21:00,0
5/15/2022 21:30,0
5/15/2022 22:00,0
5/15/2022 22:30,0
5/15/2022 23:00,0
5/15/2022 23:30,0
5/16/2022 0:00,0
5/16/2022 0:30,0
5/16/2022 1:00,0
5/16/2022 1:30,0
5/16/2022 2:00,0
5/16/2022 2:30,0
5/16/2022 3:00,0
5/16/2022 3:30,0
5/16/2022 4:00,0
5/16/2022 4:30,0
5/16/2022 5:00,0
5/16/2022 5:30,0
5/16/2022 6:00,0
5/16/2022 6:30,0
5/16/2022 7:00,0
5/16/2022 7:30,0
5/16/2022 8:00,0
5/16/2022 8:30,0
5/16/2022 9:00,0
5/16/2022 9:30,0
5/16/2022 10:00,0
5/16/2022 11:00,0
5/16/2022 11:30,0
5/16/2022 12:00,0
5/16/2022 12:30,0
5/16/2022 13:00,0
5/16/2022 13:30,0
5/16/2022 14:00,0
5/16/2022 14:30,0
5/16/2022 15:00,0
5/16/2022 15:30,0
5/16/2022 16:00,0
5/16/2022 16:30,0
5/16/2022 17:00,0
5/16/2022 17:30,0
5/16/2022 18:00,0
5/16/2022 18:30,0
5/16/2022 19:00,0
5/16/2022 19:30,0
5/16/2022 20:00,0
5/16/2022 20:30,0
5/16/2022 21:00,0
5/16/2022 21:30,0
5/16/2022 22:00,0
5/16/2022 22:30,0
5/16/2022 23:00,0
5/16/2022 23:30,0
5/17/2022 0:00,0
5/17/2022 0:30,0
5/17/2022 1:00,0
5/17/2022 1:30,0
5/17/2022 2:00,0
5/17/2022 2:30,0
5/17/2022 3:00,0
5/17/2022 3:30,0
5/17/2022 4:00,0
5/17/2022 4:30,0
5/17/2022 5:00,0
5/17/2022 5:30,0
5/17/2022 6:00,0
5/17/2022 6:30,0
5/17/2022 7:00,0
5/17/2022 7:30,0
5/17/2022 8:00,0
5/17/2022 8:30,0
5/17/2022 9:00,0
5/17/2022 9:30,0
5/17/2022 10:00,0
5/17/2022 10:30,0
5/17/2022 11:00,0
5/17/2022 11:30,0
5/17/2022 12:00,0
5/17/2022 12:30,0
5/17/2022 13:00,0
5/17/2022 13:30,0
5/17/2022 14:00,0
5/17/2022 14:30,0
5/17/2022 15:00,0
5/17/2022 15:30,0
5/17/2022 16:00,0
5/17/2022 16:30,0
5/17/2022 17:00,0
5/17/2022 17:30,0
5/17/2022 18:00,0
5/17/2022 18:30,0
5/17/2022 19:00,0
5/17/2022 19:30,0
5/17/2022 20:00,0
5/17/2022 20:30,0
5/17/2022 21:00,0
5/17/2022 21:30,0
5/17/2022 22:00,0
5/17/2022 22:30,0
5/17/2022 23:00,0
5/17/2022 23:30,0
5/18/2022 0:00,0
5/18/2022 0:30,0
5/18/2022 1:00,0
5/18/2022 1:30,0
5/18/2022 2:00,0
5/18/2022 2:30,0
5/18/2022 3:00,0
5/18/2022 3:30,0
5/18/2022 4:00,0
5/18/2022 4:30,0
5/18/2022 5:00,0
5/18/2022 5:30,0
5/18/2022 6:00,0
5/18/2022 6:30,0
5/18/2022 7:00,0
5/18/2022 7:30,0
5/18/2022 8:00,0
5/18/2022 8:30,0
5/18/2022 9:00,0
5/18/2022 9:30,0
5/18/2022 10:00,0
5/18/2022 10:30,0
5/18/2022 11:00,0
5/18/2022 11:30,0
5/18/2022 12:00,0
5/18/2022 12:30,0
5/18/2022 13:00,0
5/18/2022 13:30,0
5/18/2022 14:00,0
5/18/2022 14:30,0
5/18/2022 15:00,0
5/18/2022 15:30,0
5/18/2022 16:00,0
5/18/2022 16:30,0
5/18/2022 17:00,0
5/18/2022 17:30,0
5/18/2022 18:00,0
5/18/2022 18:30,0
5/18/2022 19:00,0
5/18/2022 19:30,0
5/18/2022 20:00,0
5/18/2022 20:30,0
5/18/2022 21:00,0
5/18/2022 21:30,0
5/18/2022 22:00,0
5/18/2022 22:30,0
5/18/2022 23:00,0
5/18/2022 23:30,0
5/19/2022 0:00,0
5/19/2022 0:30,0
5/19/2022 1:00,0
5/19/2022 1:30,0
5/19/2022 2:00,0
5/19/2022 2:30,0
5/19/2022 3:00,0
5/19/2022 3:30,0
5/19/2022 4:00,0
5/19/2022 4:30,0
5/19/2022 5:00,0
5/19/2022 5:30,0
5/19/2022 6:00,0
5/19/2022 6:30,0
5/19/2022 7:00,0
5/19/2022 7:30,0
5/19/2022 8:00,0
5/19/2022 8:30,0
5/19/2022 9:00,0
5/19/2022 9:30,0
5/19/2022 10:00,0
5/19/2022 10:30,0
5/19/2022 11:00,0
5/19/2022 11:30,0
5/19/2022 12:00,0
5/19/2022 12:30,0
5/19/2022 13:00,0
5/19/2022 13:30,0
5/19/2022 14:00,0
5/19/2022 14:30,0
5/19/2022 15:00,0
5/19/2022 15:30,0
5/19/2022 16:00,0
5/19/2022 16:30,0
5/19/2022 17:00,0
5/19/2022 17:30,0
5/19/2022 18:00,0
5/19/2022 18:30,0
5/19/2022 19:00,0
5/19/2022 19:30,0
5/19/2022 20:00,0
5/19/2022 20:30,0
5/19/2022 21:00,0
5/19/2022 21:30,0
5/19/2022 22:00,0
5/19/2022 22:30,0
5/19/2022 23:00,0
5/19/2022 23:30,0
5/20/2022 0:00,0
5/20/2022 0:30,0
5/20/2022 1:00,0
5/20/2022 1:30,0
5/20/2022 2:00,0
5/20/2022 2:30,0
5/20/2022 3:00,0
5/20/2022 3:30,0
5/20/2022 4:00,0
5/20/2022 4:30,0
5/20/2022 5:00,0
5/20/2022 5:30,0
5/20/2022 6:00,0
5/20/2022 6:30,0
5/20/2022 7:00,0
5/20/2022 7:30,0
5/20/2022 8:00,0
5/20/2022 8:30,0
5/20/2022 9:00,0
5/20/2022 9:30,0
5/20/2022 10:00,0
5/20/2022 10:30,0
5/20/2022 11:00,0
5/20/2022 11:30,0
5/20/2022 12:00,0
5/20/2022 12:30,0
5/20/2022 13:00,0
5/20/2022 13:30,0
5/20/2022 14:00,0
5/20/2022 14:30,0
5/20/2022 15:00,0
5/20/2022 15:30,0
5/20/2022 16:00,0
5/20/2022 16:30,0
5/20/2022 17:00,0
5/20/2022 17:30,0
5/20/2022 18:00,0
5/20/2022 18:30,0
5/20/2022 19:00,0
5/20/2022 19:30,0
5/20/2022 20:00,0
5/20/2022 20:30,0
5/20/2022 21:00,0
5/20/2022 21:30,0
5/20/2022 22:00,0
5/20/2022 22:30,0
5/20/2022 23:00,0
5/20/2022 23:30,0
5/21/2022 0:00,0
5/21/2022 0:30,0
5/21/2022 1:00,0
5/21/2022 1:30,0
5/21/2022 2:00,0
5/21/2022 2:30,0
5/21/2022 3:00,0
5/21/2022 3:30,0
5/21/2022 4:00,0
5/21/2022 4:30,0
5/21/2022 5:00,0
5/21/2022 5:30,0
5/21/2022 6:00,0
5/21/2022 6:30,0
5/21/2022 7:00,0
5/21/2022 7:30,0
5/21/2022 8:00,0
5/21/2022 8:30,0
5/21/2022 9:00,0
5/21/2022 9:30,0
5/21/2022 10:00,0
5/21/2022 10:30,0
5/21/2022 11:00,0
5/21/2022 11:30,0
5/21/2022 12:00,0
5/21/2022 12:30,0
5/21/2022 13:00,0
5/21/2022 13:30,0
5/21/2022 14:00,0
5/21/2022 14:30,0
5/21/2022 15:00,0
5/21/2022 15:30,0
5/21/2022 16:00,0
5/21/2022 16:30,0
5/21/2022 17:00,0
5/21/2022 17:30,0
5/21/2022 18:00,0
5/21/2022 18:30,0
5/21/2022 19:00,0
5/21/2022 19:30,0
5/21/2022 20:00,0
5/21/2022 20:30,0
5/21/2022 21:00,0
5/21/2022 21:30,0
5/21/2022 22:00,0
5/21/2022 22:30,0
5/21/2022 23:00,0
5/21/2022 23:30,0
5/22/2022 0:00,0
5/22/2022 0:30,0
5/22/2022 1:00,0
5/22/2022 1:30,0
5/22/2022 2:00,0
5/22/2022 2:30,0
5/22/2022 3:00,0
5/22/2022 3:30,0
5/22/2022 4:00,0
5/22/2022 4:30,0
5/22/2022 5:00,0
5/22/2022 5:30,0
5/22/2022 6:00,0
5/22/2022 6:30,0
5/22/2022 7:00,0
5/22/2022 7:30,0
5/22/2022 8:00,0
5/22/2022 8:30,0
5/22/2022 9:00,0
5/22/2022 9:30,0
5/22/2022 10:00,0
5/22/2022 10:30,0
5/22/2022 11:00,0
5/22/2022 11:30,0
5/22/2022 12:00,0
5/22/2022 12:30,0
5/22/2022 13:00,0
5/22/2022 13:30,0
5/22/2022 14:00,0
5/22/2022 14:30,0
5/22/2022 15:00,0
5/22/2022 15:30,0
5/22/2022 16:00,0
5/22/2022 16:30,0
5/22/2022 17:00,0
5/22/2022 17:30,0
5/22/2022 18:00,0
5/22/2022 18:30,0
5/22/2022 19:00,0
5/22/2022 19:30,0
5/22/2022 20:00,0
5/22/2022 20:30,0
5/22/2022 21:00,0
5/22/2022 21:30,0
5/22/2022 22:00,0
5/22/2022 22:30,0
5/22/2022 23:00,0
5/22/2022 23:30,0
5/23/2022 0:00,0
5/23/2022 0:30,0
5/23/2022 1:00,0
5/23/2022 1:30,0
5/23/2022 2:00,0
5/23/2022 2:30,0
5/23/2022 3:00,0
5/23/2022 3:30,0
5/23/2022 4:00,0
5/23/2022 4:30,0
5/23/2022 5:00,0
5/23/2022 5:30,0
5/23/2022 6:00,0
5/23/2022 6:30,0
5/23/2022 7:00,0
5/23/2022 7:30,0
5/23/2022 8:00,0
5/23/2022 8:30,0
5/23/2022 9:00,0
5/23/2022 9:30,0
5/23/2022 10:00,0
5/23/2022 10:30,0
5/23/2022 11:00,0
5/23/2022 11:30,0
5/23/2022 12:00,0
5/23/2022 12:30,0
5/23/2022 13:00,0
5/23/2022 13:30,0
5/23/2022 14:00,0
5/23/2022 14:30,0
5/23/2022 15:00,0
5/23/2022 15:30,0
5/23/2022 16:00,0
5/23/2022 16:30,0
5/23/2022 17:00,0
5/23/2022 17:30,0
5/23/2022 18:00,0
5/23/2022 18:30,0
5/23/2022 19:00,0
5/23/2022 19:30,0
5/23/2022 20:00,0
5/23/2022 20:30,0
5/23/2022 21:00,0
5/23/2022 21:30,0
5/23/2022 22:00,0
5/23/2022 22:30,0
5/23/2022 23:00,0
5/23/2022 23:30,0
5/24/2022 0:00,0
5/24/2022 0:30,0
5/24/2022 1:00,0
5/24/2022 1:30,0
5/24/2022 2:00,0
5/24/2022 2:30,0
5/24/2022 3:00,0
5/24/2022 3:30,0
5/24/2022 4:00,0
5/24/2022 4:30,0
5/24/2022 5:00,0
5/24/2022 5:30,0
5/24/2022 6:00,0
5/24/2022 6:30,0
5/24/2022 7:00,0
5/24/2022 7:30,0
5/24/2022 8:00,0
5/24/2022 8:30,0
5/24/2022 9:00,0
5/24/2022 9:30,0
5/24/2022 10:00,0
5/24/2022 10:30,0
5/24/2022 11:00,0
5/24/2022 11:30,0
5/24/2022 12:00,0
5/24/2022 12:30,0
5/24/2022 13:00,0
5/24/2022 13:30,0
5/24/2022 14:00,0
5/24/2022 14:30,0
5/24/2022 15:00,0
5/24/2022 15:30,0
5/24/2022 16:00,0
5/24/2022 16:30,0
5/24/2022 17:00,0
5/24/2022 17:30,0
5/24/2022 18:00,0
5/24/2022 18:30,0
5/24/2022 19:00,0
5/24/2022 19:30,0
5/24/2022 20:00,0
5/24/2022 20:30,0
5/24/2022 21:00,0
5/24/2022 21:30,0
5/24/2022 22:00,0
5/24/2022 22:30,0
5/24/2022 23:00,0
5/24/2022 23:30,0
5/25/2022 0:00,0
5/25/2022 0:30,0
5/25/2022 1:00,0
5/25/2022 1:30,0
5/25/2022 2:00,0
5/25/2022 2:30,0
5/25/2022 3:00,0
5/25/2022 3:30,0
5/25/2022 4:00,0
5/25/2022 4:30,0
5/25/2022 5:00,0
5/25/2022 5:30,0
5/25/2022 6:00,0
5/25/2022 6:30,0
5/25/2022 7:00,0
5/25/2022 7:30,0
5/25/2022 8:00,0
5/25/2022 8:30,0
5/25/2022 9:00,0
5/25/2022 9:30,0
5/25/2022 10:00,0
5/25/2022 10:30,0
5/25/2022 11:00,0
5/25/2022 11:30,0
5/25/2022 12:00,0
5/25/2022 12:30,0
5/25/2022 13:00,0
5/25/2022 13:30,0
5/25/2022 14:00,0
5/25/2022 14:30,0
5/25/2022 15:00,0
5/25/2022 15:30,0
5/25/2022 16:00,0
5/25/2022 16:30,0
5/25/2022 17:00,0
5/25/2022 17:30,0
5/25/2022 18:00,0
5/25/2022 18:30,0
5/25/2022 19:00,0
5/25/2022 19:30,0
5/25/2022 20:00,0
5/25/2022 20:30,0
5/25/2022 21:00,0
5/25/2022 21:30,0
5/25/2022 22:00,0
5/25/2022 22:30,0
5/25/2022 23:00,0
5/25/2022 23:30,0
5/26/2022 0:00,0
5/26/2022 0:30,0
5/26/2022 1:00,0
5/26/2022 1:30,0
5/26/2022 2:00,0
5/26/2022 2:30,0
5/26/2022 3:00,0
5/26/2022 3:30,0
5/26/2022 4:00,0
5/26/2022 4:30,0
5/26/2022 5:00,0
5/26/2022 5:30,0
5/26/2022 6:00,0
5/26/2022 6:30,0
5/26/2022 7:00,0
5/26/2022 7:30,0
5/26/2022 8:00,0
5/26/2022 8:30,0
5/26/2022 9:00,0
5/26/2022 9:30,0
5/26/2022 10:00,0
5/26/2022 10:30,0
5/26/2022 11:00,0
5/26/2022 11:30,0
5/26/2022 12:00,0
5/26/2022 12:30,0
5/26/2022 13:00,0
5/26/2022 13:30,0
5/26/2022 14:00,0
5/26/2022 14:30,0
5/26/2022 15:00,0
5/26/2022 15:30,0
5/26/2022 16:00,0
5/26/2022 16:30,0
5/26/2022 17:00,0
5/26/2022 17:30,0
5/26/2022 18:00,0
5/26/2022 18:30,0
5/26/2022 19:00,0
5/26/2022 19:30,0
5/26/2022 20:00,0
5/26/2022 20:30,0
5/26/2022 21:00,0
5/26/2022 21:30,0
5/26/2022 22:00,0
5/26/2022 22:30,0
5/26/2022 23:00,0
5/26/2022 23:30,0
5/27/2022 0:00,0
5/27/2022 0:30,0
5/27/2022 1:00,0
5/27/2022 1:30,0
5/27/2022 2:00,0
5/27/2022 2:30,0
5/27/2022 3:00,0
5/27/2022 3:30,0
5/27/2022 4:00,0
5/27/2022 4:30,0
5/27/2022 5:00,0
5/27/2022 5:30,0
5/27/2022 6:00,0
5/27/2022 6:30,0
5/27/2022 7:00,0
5/27/2022 7:30,0
5/27/2022 8:00,0
5/27/2022 8:30,0
5/27/2022 9:00,0
5/27/2022 9:30,0
5/27/2022 10:00,0
5/27/2022 10:30,0
5/27/2022 11:00,0
5/27/2022 11:30,0
5/27/2022 12:00,0
5/27/2022 12:30,0
5/27/2022 13:00,0
5/27/2022 13:30,0
5/27/2022 14:00,0
5/27/2022 14:30,0
5/27/2022 15:00,0
5/27/2022 15:30,0
5/27/2022 16:00,0
5/27/2022 16:30,0
5/27/2022 17:00,0
5/27/2022 17:30,0
5/27/2022 18:00,0
5/27/2022 18:30,0
5/27/2022 19:00,0
5/27/2022 19:30,0
5/27/2022 20:00,0
5/27/2022 20:30,0
5/27/2022 21:00,0
5/27/2022 21:30,0
5/27/2022 22:00,0
5/27/2022 22:30,0
5/27/2022 23:00,0
5/27/2022 23:30,0
5/28/2022 0:00,0
5/28/2022 0:30,0
5/28/2022 1:00,0
5/28/2022 1:30,0
5/28/2022 2:00,0
5/28/2022 2:30,0
5/28/2022 3:00,0
5/28/2022 3:30,0
5/28/2022 4:00,0
5/28/2022 4:30,0
5/28/2022 5:00,0
5/28/2022 5:30,0
5/28/2022 6:00,0
5/28/2022 6:30,0
5/28/2022 7:00,0
5/28/2022 7:30,0
5/28/2022 8:00,0
5/28/2022 8:30,0
5/28/2022 9:00,0
5/28/2022 9:30,0
5/28/2022 10:00,0
5/28/2022 10:30,0
5/28/2022 11:00,0
5/28/2022 11:30,0
5/28/2022 12:00,0
5/28/2022 12:30,0
5/28/2022 13:00,0
5/28/2022 13:30,0
5/28/2022 14:00,0
5/28/2022 14:30,0
5/28/2022 15:00,0
5/28/2022 15:30,0
5/28/2022 16:00,0
5/28/2022 16:30,0
5/28/2022 17:00,0
5/28/2022 17:30,0
5/28/2022 18:00,0
5/28/2022 18:30,0
5/28/2022 19:00,0
5/28/2022 19:30,0
5/28/2022 20:00,0
5/28/2022 20:30,0
5/28/2022 21:00,0
5/28/2022 21:30,0
5/28/2022 22:00,0
5/28/2022 22:30,0
5/28/2022 23:00,0
5/28/2022 23:30,0
5/29/2022 0:00,0
5/29/2022 0:30,0
5/29/2022 1:00,0
5/29/2022 1:30,0
5/29/2022 2:00,0
5/29/2022 2:30,0
5/29/2022 3:00,0
5/29/2022 3:30,0
5/29/2022 4:00,0
5/29/2022 4:30,0
5/29/2022 5:00,0
5/29/2022 5:30,0
5/29/2022 6:00,0
5/29/2022 6:30,0
5/29/2022 7:00,0
5/29/2022 7:30,0
5/29/2022 8:00,0
5/29/2022 8:30,0
5/29/2022 9:00,0
5/29/2022 9:30,0
5/29/2022 10:00,0
5/29/2022 10:30,0
5/29/2022 11:00,0
5/29/2022 11:30,0
5/29/2022 12:00,0
5/29/2022 12:30,0
5/29/2022 13:00,0
5/29/2022 13:30,0
5/29/2022 14:00,0
5/29/2022 14:30,0
5/29/2022 15:00,0
5/29/2022 15:30,0
5/29/2022 16:00,0
5/29/2022 16:30,0
5/29/2022 17:00,0
5/29/2022 17:30,0
5/29/2022 18:00,0
5/29/2022 18:30,0
5/29/2022 19:00,0
5/29/2022 19:30,0
5/29/2022 20:00,0
5/29/2022 20:30,0
5/29/2022 21:00,0
5/29/2022 21:30,0
5/29/2022 22:00,0
5/29/2022 22:30,0
5/29/2022 23:00,0
5/29/2022 23:30,0
5/30/2022 0:00,0
5/30/2022 0:30,0
5/30/2022 1:00,0
5/30/2022 1:30,0
5/30/2022 2:00,0
5/30/2022 2:30,0
5/30/2022 3:00,0
5/30/2022 3:30,0
5/30/2022 4:00,0
5/30/2022 4:30,0
5/30/2022 5:00,0
5/30/2022 5:30,0
5/30/2022 6:00,0
5/30/2022 6:30,0
5/30/2022 7:00,0
5/30/2022 7:30,0
5/30/2022 8:00,0
5/30/2022 8:30,0
5/30/2022 9:00,0
5/30/2022 9:30,0
5/30/2022 10:00,0
5/30/2022 10:30,0
5/30/2022 11:00,0
5/30/2022 11:30,0
5/30/2022 12:00,0
5/30/2022 12:30,0
5/30/2022 13:00,0
5/30/2022 13:30,0
5/30/2022 14:00,0
5/30/2022 14:30,0
5/30/2022 15:00,0
5/30/2022 15:30,0
5/30/2022 16:00,0
5/30/2022 16:30,0
5/30/2022 17:00,0
5/30/2022 17:30,0
5/30/2022 18:00,0
5/30/2022 18:30,0
5/30/2022 19:00,0
5/30/2022 19:30,0
5/30/2022 20:00,0
5/30/2022 20:30,0
5/30/2022 21:00,0
5/30/2022 21:30,0
5/30/2022 22:00,0
5/30/2022 22:30,0
5/30/2022 23:00,0
5/30/2022 23:30,0
5/31/2022 0:00,0
5/31/2022 0:30,0
5/31/2022 1:00,0
5/31/2022 1:30,0
5/31/2022 2:00,0
5/31/2022 2:30,0
5/31/2022 3:00,0
5/31/2022 3:30,0
5/31/2022 4:00,0
5/31/2022 4:30,0
5/31/2022 5:00,0
5/31/2022 5:30,0
5/31/2022 6:00,0
5/31/2022 6:30,0
5/31/2022 7:00,0
5/31/2022 7:30,0
5/31/2022 8:00,0
5/31/2022 8:30,0
5/31/2022 9:00,0
5/31/2022 9:30,0
5/31/2022 10:00,0
5/31/2022 10:30,0
5/31/2022 11:00,0
5/31/2022 11:30,0
5/31/2022 12:00,0
5/31/2022 12:30,0
5/31/2022 13:00,0
5/31/2022 13:30,0
5/31/2022 14:00,0
5/31/2022 14:30,0
5/31/2022 15:00,0
5/31/2022 15:30,0
5/31/2022 16:00,0
5/31/2022 16:30,0
5/31/2022 17:00,0
5/31/2022 17:30,0
5/31/2022 18:00,0
5/31/2022 18:30,0
5/31/2022 19:00,0
5/31/2022 19:30,0
5/31/2022 20:00,0
5/31/2022 20:30,0
5/31/2022 21:00,0
5/31/2022 21:30,0
5/31/2022 22:00,0
5/31/2022 22:30,0
5/31/2022 23:00,0
5/31/2022 23:30,0
6/1/2022 0:00,0
6/1/2022 0:30,0
6/1/2022 1:00,0
6/1/2022 1:30,0
6/1/2022 2:00,0
6/1/2022 2:30,0
6/1/2022 3:00,0
6/1/2022 3:30,0
6/1/2022 4:00,0
6/1/2022 4:30,0
6/1/2022 5:00,0
6/1/2022 5:30,0
6/1/2022 6:00,0
6/1/2022 6:30,0
6/1/2022 7:00,0
6/1/2022 7:30,0
6/1/2022 8:00,0
6/1/2022 8:30,0
6/1/2022 9:00,0
6/1/2022 9:30,0
6/1/2022 10:00,0
6/1/2022 10:30,0
6/1/2022 11:00,0
6/1/2022 11:30,0
6/1/2022 12:00,0
6/1/2022 12:30,0
6/1/2022 13:00,0
6/1/2022 13:30,0
6/1/2022 14:00,0
6/1/2022 14:30,0
6/1/2022 15:00,0
6/1/2022 15:30,0
6/1/2022 16:00,0
6/1/2022 16:30,0
6/1/2022 17:00,0
6/1/2022 17:30,0
6/1/2022 18:00,0
6/1/2022 18:30,0
6/1/2022 19:00,0
6/1/2022 19:30,0
6/1/2022 20:00,0
6/1/2022 20:30,0
6/1/2022 21:00,0
6/1/2022 21:30,0
6/1/2022 22:00,0
6/1/2022 22:30,0
6/1/2022 23:00,0
6/1/2022 23:30,0
6/2/2022 0:00,0
6/2/2022 0:30,0
6/2/2022 1:00,0
6/2/2022 1:30,0
6/2/2022 2:00,0
6/2/2022 2:30,0
6/2/2022 3:00,0
6/2/2022 3:30,0
6/2/2022 4:00,0
6/2/2022 4:30,0
6/2/2022 5:00,0
6/2/2022 5:30,0
6/2/2022 6:00,0
6/2/2022 6:30,0
6/2/2022 7:00,0
6/2/2022 7:30,0
6/2/2022 8:00,0
6/2/2022 8:30,0
6/2/2022 9:00,0
6/2/2022 9:30,0
6/2/2022 10:00,0
6/2/2022 10:30,0
6/2/2022 11:00,0
6/2/2022 11:30,0
6/2/2022 12:00,0
6/2/2022 12:30,0
6/2/2022 13:00,0
6/2/2022 13:30,0
6/2/2022 14:00,0
6/2/2022 14:30,0
6/2/2022 15:00,0
6/2/2022 15:30,0
6/2/2022 16:00,0
6/2/2022 16:30,0
6/2/2022 17:00,0
6/2/2022 17:30,0
6/2/2022 18:00,0
6/2/2022 18:30,0
6/2/2022 19:00,0
6/2/2022 19:30,0
6/2/2022 20:00,0
6/2/2022 20:30,0
6/2/2022 21:00,0
6/2/2022 21:30,0
6/2/2022 22:00,0
6/2/2022 22:30,0
6/2/2022 23:00,0
6/2/2022 23:30,0
6/3/2022 0:00,0
6/3/2022 0:30,0
6/3/2022 1:00,0
6/3/2022 1:30,0
6/3/2022 2:00,0
6/3/2022 2:30,0
6/3/2022 3:00,0
6/3/2022 3:30,0
6/3/2022 4:00,0
6/3/2022 4:30,0
6/3/2022 5:00,0
6/3/2022 5:30,0
6/3/2022 6:00,0
6/3/2022 6:30,0
6/3/2022 7:00,0
6/3/2022 7:30,0
6/3/2022 8:00,0
6/3/2022 8:30,0
6/3/2022 9:00,0
6/3/2022 9:30,0
6/3/2022 10:00,0
6/3/2022 10:30,0
6/3/2022 11:00,0
6/3/2022 11:30,0
6/3/2022 12:00,0
6/3/2022 12:30,0
6/3/2022 13:00,0
6/3/2022 13:30,0
6/3/2022 14:00,0
6/3/2022 14:30,0
6/3/2022 15:00,0
6/3/2022 15:30,0
6/3/2022 16:00,0
6/3/2022 16:30,0
6/3/2022 17:00,0
6/3/2022 17:30,0
6/3/2022 18:00,0
6/3/2022 18:30,0
6/3/2022 19:00,0
6/3/2022 19:30,0
6/3/2022 20:00,0
6/3/2022 20:30,0
6/3/2022 21:00,0
6/3/2022 21:30,0
6/3/2022 22:00,0
6/3/2022 22:30,0
6/3/2022 23:00,0
6/3/2022 23:30,0
6/4/2022 0:00,0
6/4/2022 0:30,0
6/4/2022 1:00,0
6/4/2022 1:30,0
6/4/2022 2:00,0
6/4/2022 2:30,0
6/4/2022 3:00,0
6/4/2022 3:30,0
6/4/2022 4:00,0
6/4/2022 4:30,0
6/4/2022 5:00,0
6/4/2022 5:30,0
6/4/2022 6:00,0
6/4/2022 6:30,0
6/4/2022 7:00,0
6/4/2022 7:30,0
6/4/2022 8:00,0
6/4/2022 8:30,0
6/4/2022 9:00,0
6/4/2022 9:30,0
6/4/2022 10:00,0
6/4/2022 10:30,0
6/4/2022 11:00,0
6/4/2022 11:30,0
6/4/2022 12:00,0
6/4/2022 12:30,0
6/4/2022 13:00,0
6/4/2022 13:30,0
6/4/2022 14:00,0
6/4/2022 14:30,0
6/4/2022 15:00,0
6/4/2022 15:30,0
6/4/2022 16:00,0
6/4/2022 16:30,0
6/4/2022 17:00,0
6/4/2022 17:30,0
6/4/2022 18:00,0
6/4/2022 18:30,0
6/4/2022 19:00,0
6/4/2022 19:30,0
6/4/2022 20:00,0
6/4/2022 20:30,0
6/4/2022 21:00,0
6/4/2022 21:30,0
6/4/2022 22:00,0
6/4/2022 22:30,0
6/4/2022 23:00,0
6/4/2022 23:30,0
6/5/2022 0:00,0
6/5/2022 0:30,0
6/5/2022 1:00,0
6/5/2022 1:30,0
6/5/2022 2:00,0
6/5/2022 2:30,0
6/5/2022 3:00,0
6/5/2022 3:30,0
6/5/2022 4:00,0
6/5/2022 4:30,0
6/5/2022 5:00,0
6/5/2022 5:30,0
6/5/2022 6:00,0
6/5/2022 6:30,0
6/5/2022 7:00,0
6/5/2022 7:30,0
6/5/2022 8:00,0
6/5/2022 8:30,0
6/5/2022 9:00,0
6/5/2022 9:30,0
6/5/2022 10:00,0
6/5/2022 10:30,0
6/5/2022 11:00,0
6/5/2022 11:30,0
6/5/2022 12:00,0
6/5/2022 12:30,0
6/5/2022 13:00,0
6/5/2022 13:30,0
6/5/2022 14:00,0
6/5/2022 14:30,0
6/5/2022 15:00,0
6/5/2022 15:30,0
6/5/2022 16:00,0
6/5/2022 16:30,0
6/5/2022 17:00,0
6/5/2022 17:30,0
6/5/2022 18:00,0
6/5/2022 18:30,0
6/5/2022 19:00,0
6/5/2022 19:30,0
6/5/2022 20:00,0
6/5/2022 20:30,0
6/5/2022 21:00,0
6/5/2022 21:30,0
6/5/2022 22:00,0
6/5/2022 22:30,0
6/5/2022 23:00,0
6/5/2022 23:30,0
6/6/2022 0:00,0
6/6/2022 0:30,0
6/6/2022 1:00,0
6/6/2022 1:30,0
6/6/2022 2:00,0
6/6/2022 2:30,0
6/6/2022 3:00,0
6/6/2022 3:30,0
6/6/2022 4:00,0
6/6/2022 4:30,0
6/6/2022 5:00,0
6/6/2022 5:30,0
6/6/2022 6:00,0
6/6/2022 6:30,0
6/6/2022 7:00,0
6/6/2022 7:30,0
6/6/2022 8:00,0
6/6/2022 8:30,0
6/6/2022 9:00,0
6/6/2022 9:30,0
6/6/2022 10:00,0
6/6/2022 10:30,0
6/6/2022 11:00,0
6/6/2022 11:30,0
6/6/2022 12:00,0
6/6/2022 12:30,0
6/6/2022 13:00,0
6/6/2022 13:30,0
6/6/2022 14:00,0
6/6/2022 14:30,0
6/6/2022 15:00,0
6/6/2022 15:30,0
6/6/2022 16:00,0
6/6/2022 16:30,0
6/6/2022 17:00,0
6/6/2022 17:30,0
6/6/2022 18:00,0
6/6/2022 18:30,0
6/6/2022 19:00,0
6/6/2022 19:30,0
6/6/2022 20:00,0
6/6/2022 20:30,0
6/6/2022 21:00,0
6/6/2022 21:30,0
6/6/2022 22:00,0
6/6/2022 22:30,0
6/6/2022 23:00,0
6/6/2022 23:30,0
6/7/2022 0:00,0
6/7/2022 0:30,0
6/7/2022 1:00,0
6/7/2022 1:30,0
6/7/2022 2:00,0
6/7/2022 2:30,0
6/7/2022 3:00,0
6/7/2022 3:30,0
6/7/2022 4:00,0
6/7/2022 4:30,0
6/7/2022 5:00,0
6/7/2022 5:30,0
6/7/2022 6:00,0
6/7/2022 6:30,0
6/7/2022 7:00,0
6/7/2022 7:30,0
6/7/2022 8:00,0
6/7/2022 8:30,0
6/7/2022 9:00,0
6/7/2022 9:30,0
6/7/2022 10:00,0
6/7/2022 10:30,0
6/7/2022 11:00,0
6/7/2022 11:30,0
6/7/2022 12:00,0
6/7/2022 12:30,0
6/7/2022 13:00,0
6/7/2022 13:30,0
6/7/2022 14:00,0
6/7/2022 14:30,0
6/7/2022 15:00,0
6/7/2022 15:30,0
6/7/2022 16:00,0
6/7/2022 16:30,0
6/7/2022 17:00,0
6/7/2022 17:30,0
6/7/2022 18:00,0
6/7/2022 18:30,0
6/7/2022 19:00,0
6/7/2022 19:30,0
6/7/2022 20:00,0
6/7/2022 20:30,0
6/7/2022 21:00,0
6/7/2022 21:30,0
6/7/2022 22:00,0
6/7/2022 22:30,0
6/7/2022 23:00,0
6/7/2022 23:30,0
6/8/2022 0:00,0
6/8/2022 0:30,0
6/8/2022 1:00,0
6/8/2022 1:30,0
6/8/2022 2:00,0
6/8/2022 2:30,0
6/8/2022 3:00,0
6/8/2022 3:30,0
6/8/2022 4:00,0
6/8/2022 4:30,0
6/8/2022 5:00,0
6/8/2022 5:30,0
6/8/2022 6:00,0
6/8/2022 6:30,0
6/8/2022 7:00,0
6/8/2022 7:30,0
6/8/2022 8:00,0
6/8/2022 8:30,0
6/8/2022 9:00,0
6/8/2022 9:30,0
6/8/2022 10:00,0
6/8/2022 10:30,0
6/8/2022 11:00,0
6/8/2022 11:30,0
6/8/2022 12:00,0
6/8/2022 12:30,0
6/8/2022 13:00,0
6/8/2022 13:30,0
6/8/2022 14:00,0
6/8/2022 14:30,0
6/8/2022 15:00,0
6/8/2022 15:30,0
6/8/2022 16:00,0
6/8/2022 16:30,0
6/8/2022 17:00,0
6/8/2022 17:30,0
6/8/2022 18:00,0
6/8/2022 18:30,0
6/8/2022 19:00,0
6/8/2022 19:30,0
6/8/2022 20:00,0
6/8/2022 20:30,0
6/8/2022 21:00,0
6/8/2022 21:30,0
6/8/2022 22:00,0
6/8/2022 22:30,0
6/8/2022 23:00,0
6/8/2022 23:30,0
6/9/2022 0:00,0
6/9/2022 0:30,0
6/9/2022 1:00,0
6/9/2022 1:30,0
6/9/2022 2:00,0
6/9/2022 2:30,0
6/9/2022 3:00,0
6/9/2022 3:30,0
6/9/2022 4:00,0
6/9/2022 4:30,0
6/9/2022 5:00,0
6/9/2022 5:30,0
6/9/2022 6:00,0
6/9/2022 6:30,0
6/9/2022 7:00,0
6/9/2022 7:30,0
6/9/2022 8:00,0
6/9/2022 8:30,0
6/9/2022 9:00,0
6/9/2022 9:30,0
6/9/2022 10:00,0
6/9/2022 10:30,0
6/9/2022 11:00,0
6/9/2022 11:30,0
6/9/2022 12:00,0
6/9/2022 12:30,0
6/9/2022 13:00,0
6/9/2022 13:30,0
6/9/2022 14:00,0
6/9/2022 14:30,0
6/9/2022 15:00,0
6/9/2022 15:30,0
6/9/2022 16:00,0
6/9/2022 16:30,0
6/9/2022 17:00,0
6/9/2022 17:30,0
6/9/2022 18:00,0
6/9/2022 18:30,0
6/9/2022 19:00,0
6/9/2022 19:30,0
6/9/2022 20:00,0
6/9/2022 20:30,0
6/9/2022 21:00,0
6/9/2022 21:30,0
6/9/2022 22:00,0
6/9/2022 22:30,0
6/9/2022 23:00,0
6/9/2022 23:30,0
6/10/2022 0:00,0
6/10/2022 0:30,0
6/10/2022 1:00,0
6/10/2022 1:30,0
6/10/2022 2:00,0
6/10/2022 2:30,0
6/10/2022 3:00,0
6/10/2022 3:30,0
6/10/2022 4:00,0
6/10/2022 4:30,0
6/10/2022 5:00,0
6/10/2022 5:30,0
6/10/2022 6:00,0
6/10/2022 6:30,0
6/10/2022 7:00,0
6/10/2022 7:30,0
6/10/2022 8:00,0
6/10/2022 8:30,0
6/10/2022 9:00,0
6/10/2022 9:30,0
6/10/2022 10:00,0
6/10/2022 10:30,0
6/10/2022 11:00,0
6/10/2022 11:30,0
6/10/2022 12:00,0
6/10/2022 12:30,0
6/10/2022 13:00,0
6/10/2022 13:30,0
6/10/2022 14:00,0
6/10/2022 14:30,0
6/10/2022 15:00,0
6/10/2022 15:30,0
6/10/2022 16:00,0
6/10/2022 16:30,0
6/10/2022 17:00,0
6/10/2022 17:30,0
6/10/2022 18:00,0
6/10/2022 18:30,0
6/10/2022 19:00,0
6/10/2022 19:30,0
6/10/2022 20:00,0
6/10/2022 20:30,0
6/10/2022 21:00,0
6/10/2022 21:30,0
6/10/2022 22:00,0
6/10/2022 22:30,0
6/10/2022 23:00,0
6/10/2022 23:30,0
6/11/2022 0:00,0
6/11/2022 0:30,0
6/11/2022 1:00,0
6/11/2022 1:30,0
6/11/2022 2:00,0
6/11/2022 2:30,0
6/11/2022 3:00,0
6/11/2022 3:30,0
6/11/2022 4:00,0
6/11/2022 4:30,0
6/11/2022 5:00,0
6/11/2022 5:30,0
6/11/2022 6:00,0
6/11/2022 6:30,0
6/11/2022 7:00,0
6/11/2022 7:30,0
6/11/2022 8:00,0
6/11/2022 8:30,0
6/11/2022 9:00,0
6/11/2022 9:30,0
6/11/2022 10:00,0
6/11/2022 10:30,0
6/11/2022 11:00,0
6/11/2022 11:30,0
6/11/2022 12:00,0
6/11/2022 12:30,0
6/11/2022 13:00,0
6/11/2022 13:30,0
6/11/2022 14:00,0
6/11/2022 14:30,0
6/11/2022 15:00,0
6/11/2022 15:30,0
6/11/2022 16:00,0
6/11/2022 16:30,0
6/11/2022 17:00,0
6/11/2022 17:30,0
6/11/2022 18:00,0
6/11/2022 18:30,0
6/11/2022 19:00,0
6/11/2022 19:30,0
6/11/2022 20:00,0
6/11/2022 20:30,0
6/11/2022 21:00,0
6/11/2022 21:30,0
6/11/2022 22:00,0
6/11/2022 22:30,0
6/11/2022 23:00,0
6/11/2022 23:30,0
6/12/2022 0:00,0
6/12/2022 0:30,0
6/12/2022 1:00,0
6/12/2022 1:30,0
6/12/2022 2:00,0
6/12/2022 2:30,0
6/12/2022 3:00,0
6/12/2022 3:30,0
6/12/2022 4:00,0
6/12/2022 4:30,0
6/12/2022 5:00,0
6/12/2022 5:30,0
6/12/2022 6:00,0
6/12/2022 6:30,0
6/12/2022 7:00,0
6/12/2022 7:30,0
6/12/2022 8:00,0
6/12/2022 8:30,0
6/12/2022 9:00,0
6/12/2022 9:30,0
6/12/2022 10:00,0
6/12/2022 10:30,0
6/12/2022 11:00,0
6/12/2022 11:30,0
6/12/2022 12:00,0
6/12/2022 12:30,0
6/12/2022 13:00,0
6/12/2022 13:30,0
6/12/2022 14:00,0
6/12/2022 14:30,0
6/12/2022 15:00,0
6/12/2022 15:30,0
6/12/2022 16:00,0
6/12/2022 16:30,0
6/12/2022 17:00,0
6/12/2022 17:30,0
6/12/2022 18:00,0
6/12/2022 18:30,0
6/12/2022 19:00,0
6/12/2022 19:30,0
6/12/2022 20:00,0
6/12/2022 20:30,0
6/12/2022 21:00,0
6/12/2022 21:30,0
6/12/2022 22:00,0
6/12/2022 22:30,0
6/12/2022 23:00,0
6/12/2022 23:30,0
6/13/2022 0:00,0
6/13/2022 0:30,0
6/13/2022 1:00,0
6/13/2022 1:30,0
6/13/2022 2:00,0
6/13/2022 2:30,0
6/13/2022 3:00,0
6/13/2022 3:30,0
6/13/2022 4:00,0
6/13/2022 4:30,0
6/13/2022 5:00,0
6/13/2022 5:30,0
6/13/2022 6:00,0
6/13/2022 6:30,0
6/13/2022 7:00,0
6/13/2022 7:30,0
6/13/2022 8:00,0
6/13/2022 8:30,0
6/13/2022 9:00,0
6/13/2022 9:30,0
6/13/2022 10:00,0
6/13/2022 10:30,0
6/13/2022 11:00,0
6/13/2022 11:30,0
6/13/2022 12:00,0
6/13/2022 12:30,0
6/13/2022 13:00,0
6/13/2022 13:30,0
6/13/2022 14:00,0
6/13/2022 14:30,0
6/13/2022 15:00,0
6/13/2022 15:30,0
6/13/2022 16:00,0
6/13/2022 16:30,0
6/13/2022 17:00,0
6/13/2022 17:30,0
6/13/2022 18:00,0
6/13/2022 18:30,0
6/13/2022 19:00,0
6/13/2022 19:30,0
6/13/2022 20:00,0
6/13/2022 20:30,0
6/13/2022 21:00,0
6/13/2022 21:30,0
6/13/2022 22:00,0
6/13/2022 22:30,0
6/13/2022 23:00,0
6/13/2022 23:30,0
6/14/2022 0:00,0
6/14/2022 0:30,0
6/14/2022 1:00,0
6/14/2022 1:30,0
6/14/2022 2:00,0
6/14/2022 2:30,0
6/14/2022 3:00,0
6/14/2022 3:30,0
6/14/2022 4:00,0
6/14/2022 4:30,0
6/14/2022 5:00,0
6/14/2022 5:30,0
6/14/2022 6:00,0
6/14/2022 6:30,0
6/14/2022 7:00,0
6/14/2022 7:30,0
6/14/2022 8:00,0
6/14/2022 8:30,0
6/14/2022 9:00,0
6/14/2022 9:30,0
6/14/2022 10:00,0
6/14/2022 10:30,0
6/14/2022 11:00,0
6/14/2022 11:30,0
6/14/2022 12:00,0
6/14/2022 12:30,0
6/14/2022 13:00,0
6/14/2022 13:30,0
6/14/2022 14:00,0
6/14/2022 14:30,0
6/14/2022 15:00,0
6/14/2022 15:30,0
6/14/2022 16:00,0
6/14/2022 16:30,0
6/14/2022 17:00,0
6/14/2022 17:30,0
6/14/2022 18:00,0
6/14/2022 18:30,0
6/14/2022 19:00,0
6/14/2022 19:30,0
6/14/2022 20:00,0
6/14/2022 20:30,0
6/14/2022 21:00,0
6/14/2022 21:30,0
6/14/2022 22:00,0
6/14/2022 22:30,0
6/14/2022 23:00,0
6/14/2022 23:30,0
6/15/2022 0:00,0
6/15/2022 0:30,0
6/15/2022 1:00,0
6/15/2022 1:30,0
6/15/2022 2:00,0
6/15/2022 2:30,0
6/15/2022 3:00,0
6/15/2022 3:30,0
6/15/2022 4:00,0
6/15/2022 4:30,0
6/15/2022 5:00,0
6/15/2022 5:30,0
6/15/2022 6:00,0
6/15/2022 6:30,0
6/15/2022 7:00,0
6/15/2022 7:30,0
6/15/2022 8:00,0
6/15/2022 8:30,0
6/15/2022 9:00,0
6/15/2022 9:30,0
6/15/2022 10:00,0
6/15/2022 10:30,0
6/15/2022 11:00,0
6/15/2022 11:30,0
6/15/2022 12:00,0
6/15/2022 12:30,0
6/15/2022 13:00,0
6/15/2022 13:30,0
6/15/2022 14:00,0
6/15/2022 14:30,0
6/15/2022 15:00,0
6/15/2022 15:30,0
6/15/2022 16:00,0
6/15/2022 16:30,0
6/15/2022 17:00,0
6/15/2022 17:30,0
6/15/2022 18:00,0
6/15/2022 18:30,0
6/15/2022 19:00,0
6/15/2022 19:30,0
6/15/2022 20:00,0
6/15/2022 20:30,0
6/15/2022 21:00,0
6/15/2022 21:30,0
6/15/2022 22:00,0
6/15/2022 22:30,0
6/15/2022 23:00,0
6/15/2022 23:30,0
6/16/2022 0:00,0
6/16/2022 0:30,0
6/16/2022 1:00,0
6/16/2022 1:30,0
6/16/2022 2:00,0
6/16/2022 2:30,0
6/16/2022 3:00,0
6/16/2022 3:30,0
6/16/2022 4:00,0
6/16/2022 4:30,0
6/16/2022 5:00,0
6/16/2022 5:30,0
6/16/2022 6:00,0
6/16/2022 6:30,0
6/16/2022 7:00,0
6/16/2022 7:30,0
6/16/2022 8:00,0
6/16/2022 8:30,0
6/16/2022 9:00,0
6/16/2022 9:30,0
6/16/2022 10:00,0
6/16/2022 10:30,0
6/16/2022 11:00,0
6/16/2022 11:30,0
6/16/2022 12:00,0
6/16/2022 12:30,0
6/16/2022 13:00,0
6/16/2022 13:30,0
6/16/2022 14:00,0
6/16/2022 14:30,0
6/16/2022 15:00,0
6/16/2022 15:30,0
6/16/2022 16:00,0
6/16/2022 16:30,0
6/16/2022 17:00,0
6/16/2022 17:30,0
6/16/2022 18:00,0
6/16/2022 18:30,0
6/16/2022 19:00,0
6/16/2022 19:30,0
6/16/2022 20:00,0
6/16/2022 20:30,0
6/16/2022 21:00,0
6/16/2022 21:30,0
6/16/2022 22:00,0
6/16/2022 22:30,0
6/16/2022 23:00,0
6/16/2022 23:30,0
6/17/2022 0:00,0
6/17/2022 0:30,0
6/17/2022 1:00,0
6/17/2022 1:30,0
6/17/2022 2:00,0
6/17/2022 2:30,0
6/17/2022 3:00,0
6/17/2022 3:30,0
6/17/2022 4:00,0
6/17/2022 4:30,0
6/17/2022 5:00,0
6/17/2022 5:30,0
6/17/2022 6:00,0
6/17/2022 6:30,0
6/17/2022 7:00,0
6/17/2022 7:30,0
6/17/2022 8:00,0
6/17/2022 8:30,0
6/17/2022 9:00,0
6/17/2022 9:30,0
6/17/2022 10:00,0
6/17/2022 10:30,0
6/17/2022 11:00,0
6/17/2022 11:30,0
6/17/2022 12:00,0
6/17/2022 12:30,0
6/17/2022 13:00,0
6/17/2022 13:30,0
6/17/2022 14:00,0
6/17/2022 14:30,0
6/17/2022 15:00,0
6/17/2022 15:30,0
6/17/2022 16:00,0
6/17/2022 16:30,0
6/17/2022 17:00,0
6/17/2022 17:30,0
6/17/2022 18:00,0
6/17/2022 18:30,0
6/17/2022 19:00,0
6/17/2022 19:30,0
6/17/2022 20:00,0
6/17/2022 20:30,0
6/17/2022 21:00,0
6/17/2022 21:30,0
6/17/2022 22:00,0
6/17/2022 22:30,0
6/17/2022 23:00,0
6/17/2022 23:30,0
6/18/2022 0:00,0
6/18/2022 0:30,0
6/18/2022 1:00,0
6/18/2022 1:30,0
6/18/2022 2:00,0
6/18/2022 2:30,0
6/18/2022 3:00,0
6/18/2022 3:30,0
6/18/2022 4:00,0
6/18/2022 4:30,0
6/18/2022 5:00,0
6/18/2022 5:30,0
6/18/2022 6:00,0
6/18/2022 6:30,0
6/18/2022 7:00,0
6/18/2022 7:30,0
6/18/2022 8:00,0
6/18/2022 8:30,0
6/18/2022 9:00,0
6/18/2022 9:30,0
6/18/2022 10:00,0
6/18/2022 10:30,0
6/18/2022 11:00,0
6/18/2022 11:30,0
6/18/2022 12:00,0
6/18/2022 12:30,0
6/18/2022 13:00,0
6/18/2022 13:30,0
6/18/2022 14:00,0
6/18/2022 14:30,0
6/18/2022 15:00,0
6/18/2022 15:30,0
6/18/2022 16:00,0
6/18/2022 16:30,0
6/18/2022 17:00,0
6/18/2022 17:30,0
6/18/2022 18:00,0
6/18/2022 18:30,0
6/18/2022 19:00,0
6/18/2022 19:30,0
6/18/2022 20:00,0
6/18/2022 20:30,0
6/18/2022 21:00,0
6/18/2022 21:30,0
6/18/2022 22:00,0
6/18/2022 22:30,0
6/18/2022 23:00,0
6/18/2022 23:30,0
6/19/2022 0:00,0
6/19/2022 0:30,0
6/19/2022 1:00,0
6/19/2022 1:30,0
6/19/2022 2:00,0
6/19/2022 2:30,0
6/19/2022 3:00,0
6/19/2022 3:30,0
6/19/2022 4:00,0
6/19/2022 4:30,0
6/19/2022 5:00,0
6/19/2022 5:30,0
6/19/2022 6:00,0
6/19/2022 6:30,0
6/19/2022 7:00,0
6/19/2022 7:30,0
6/19/2022 8:00,0
6/19/2022 8:30,0
6/19/2022 9:00,0
6/19/2022 9:30,0
6/19/2022 10:00,0
6/19/2022 10:30,0
6/19/2022 11:00,0
6/19/2022 11:30,0
6/19/2022 12:00,0
6/19/2022 12:30,0
6/19/2022 13:00,0
6/19/2022 13:30,0
6/19/2022 14:00,0
6/19/2022 14:30,0
6/19/2022 15:00,0
6/19/2022 15:30,0
6/19/2022 16:00,0
6/19/2022 16:30,0
6/19/2022 17:00,0
6/19/2022 17:30,0
6/19/2022 18:00,0
6/19/2022 18:30,0
6/19/2022 19:00,0
6/19/2022 19:30,0.1
6/19/2022 20:00,0
6/19/2022 20:30,0.2
6/19/2022 21:00,0.3
6/19/2022 21:30,1.1
6/19/2022 22:00,0.2
6/19/2022 22:30,0
6/19/2022 23:00,0
6/19/2022 23:30,0
6/20/2022 0:00,0.1
6/20/2022 0:30,0.3
6/20/2022 1:00,0.5
6/20/2022 1:30,0.1
6/20/2022 2:00,0.1
6/20/2022 2:30,0
6/20/2022 3:00,0
6/20/2022 3:30,0
6/20/2022 4:00,0.4
6/20/2022 4:30,0
6/20/2022 5:00,0
6/20/2022 5:30,0.1
6/20/2022 6:00,0
6/20/2022 6:30,0
6/20/2022 7:00,0
6/20/2022 7:30,0
6/20/2022 8:00,0
6/20/2022 9:30,0
6/20/2022 10:00,0
6/20/2022 10:30,0
6/20/2022 11:00,0
6/20/2022 11:30,0
6/20/2022 12:00,0
6/20/2022 12:30,0
6/20/2022 13:00,0
6/20/2022 13:30,0
6/20/2022 14:00,0
6/20/2022 14:30,0
6/20/2022 15:00,0
6/20/2022 15:30,0
6/20/2022 16:00,0
6/20/2022 16:30,0
6/20/2022 17:00,0
6/20/2022 17:30,0
6/20/2022 18:00,0
6/20/2022 18:30,4.5
6/20/2022 19:00,2
6/20/2022 19:30,4.6
6/20/2022 20:00,0.9
6/20/2022 20:30,0
6/20/2022 21:00,0.1
6/20/2022 21:30,0
6/20/2022 22:00,0.5
6/20/2022 22:30,0.5
6/20/2022 23:00,0.4
6/20/2022 23:30,0
6/21/2022 0:00,0
6/21/2022 0:30,0
6/21/2022 1:00,6.9
6/21/2022 1:30,5.5
6/21/2022 2:00,3.2
6/21/2022 2:30,1.8
6/21/2022 3:00,1.2
6/21/2022 3:30,1
6/21/2022 4:00,0.5
6/21/2022 4:30,0.4
6/21/2022 5:00,0.2
6/21/2022 5:30,0.1
6/21/2022 6:00,0
6/21/2022 6:30,0
6/21/2022 7:00,0
6/21/2022 7:30,0
6/21/2022 8:00,0
6/21/2022 8:30,0
6/21/2022 9:00,0
6/21/2022 9:30,0
6/21/2022 10:00,0
6/21/2022 10:30,0
6/21/2022 11:00,0
6/21/2022 11:30,0
6/21/2022 12:00,0
6/21/2022 12:30,0
6/21/2022 13:00,0
6/21/2022 13:30,0
6/21/2022 14:00,0
6/21/2022 14:30,0
6/21/2022 15:00,0
6/21/2022 15:30,0
6/21/2022 16:00,0
6/21/2022 16:30,0
6/21/2022 17:00,0
6/21/2022 17:30,0
6/21/2022 18:00,0
6/21/2022 18:30,0
6/21/2022 19:00,0
6/21/2022 19:30,0
6/21/2022 20:00,0
6/21/2022 20:30,0
6/21/2022 21:00,0
6/21/2022 21:30,0.2
6/21/2022 22:00,0
6/21/2022 22:30,0.1
6/21/2022 23:00,0.8
6/21/2022 23:30,0
6/22/2022 0:00,0.3
6/22/2022 0:30,0.9
6/22/2022 1:00,0.1
6/22/2022 1:30,0.1
6/22/2022 2:00,0
6/22/2022 2:30,0
6/22/2022 3:00,0
6/22/2022 3:30,0.1
6/22/2022 4:00,0
6/22/2022 4:30,0
6/22/2022 5:00,0
6/22/2022 5:30,0
6/22/2022 6:00,0
6/22/2022 6:30,0
6/22/2022 7:00,0
6/22/2022 7:30,0
6/22/2022 8:00,0
6/22/2022 8:30,0
6/22/2022 9:00,0
6/22/2022 9:30,0
6/22/2022 10:00,0
6/22/2022 10:30,0
6/22/2022 11:00,0
6/22/2022 11:30,0
6/22/2022 12:00,0
6/22/2022 12:30,0
6/22/2022 13:00,0
6/22/2022 13:30,0
6/22/2022 14:00,0
6/22/2022 14:30,0
6/22/2022 15:00,0
6/22/2022 15:30,0
6/22/2022 16:00,0
6/22/2022 16:30,0
6/22/2022 17:00,0
6/22/2022 17:30,0
6/22/2022 18:00,0
6/22/2022 18:30,0
6/22/2022 19:00,0
6/22/2022 19:30,0
6/22/2022 20:00,0
6/22/2022 20:30,0
6/22/2022 21:00,0
6/22/2022 21:30,0
6/22/2022 22:00,0
6/22/2022 22:30,0
6/22/2022 23:00,0
6/22/2022 23:30,0
6/23/2022 0:00,0
6/23/2022 0:30,0
6/23/2022 1:00,0
6/23/2022 1:30,0
6/23/2022 2:00,0
6/23/2022 2:30,0
6/23/2022 3:00,0
6/23/2022 3:30,0
6/23/2022 4:00,0
6/23/2022 4:30,0
6/23/2022 5:00,0
6/23/2022 5:30,0
6/23/2022 6:00,0
6/23/2022 6:30,0
6/23/2022 7:00,0
6/23/2022 7:30,0
6/23/2022 8:00,0
6/23/2022 8:30,0
6/23/2022 9:00,0
6/23/2022 9:30,0
6/23/2022 10:00,0
6/23/2022 10:30,0
6/23/2022 11:00,0
6/23/2022 11:30,0
6/23/2022 12:00,0
6/23/2022 12:30,0
6/23/2022 13:00,0
6/23/2022 13:30,0
6/23/2022 14:00,0
6/23/2022 14:30,0
6/23/2022 15:00,0
6/23/2022 15:30,0
6/23/2022 16:00,0
6/23/2022 16:30,0
6/23/2022 17:00,0
6/23/2022 17:30,0
6/23/2022 18:00,0
6/23/2022 18:30,0
6/23/2022 19:00,0
6/23/2022 19:30,0
6/23/2022 20:00,0
6/23/2022 20:30,0
6/23/2022 21:00,0
6/23/2022 21:30,0
6/23/2022 22:00,0
6/23/2022 22:30,0
6/23/2022 23:00,0
6/23/2022 23:30,0
6/24/2022 0:00,0
6/24/2022 0:30,0
6/24/2022 1:00,0
6/24/2022 1:30,0
6/24/2022 2:00,0
6/24/2022 2:30,0
6/24/2022 3:00,0
6/24/2022 3:30,0
6/24/2022 4:00,0
6/24/2022 4:30,0
6/24/2022 5:00,0
6/24/2022 5:30,0
6/24/2022 6:00,0
6/24/2022 6:30,0
6/24/2022 7:00,0
6/24/2022 7:30,0
6/24/2022 8:00,0
6/24/2022 8:30,0
6/24/2022 9:00,0
6/24/2022 9:30,0
6/24/2022 10:00,0
6/24/2022 10:30,0
6/24/2022 11:00,0
6/24/2022 11:30,0
6/24/2022 12:00,0
6/24/2022 12:30,0
6/24/2022 13:00,0
6/24/2022 13:30,0
6/24/2022 14:00,0
6/24/2022 14:30,0
6/24/2022 15:00,0
6/24/2022 15:30,0
6/24/2022 16:00,0
6/24/2022 16:30,0
6/24/2022 17:00,0
6/24/2022 17:30,0
6/24/2022 18:00,0
6/24/2022 18:30,0
6/24/2022 19:00,0
6/24/2022 19:30,0
6/24/2022 20:00,0
6/24/2022 20:30,0
6/24/2022 21:00,0
6/24/2022 21:30,0
6/24/2022 22:00,0
6/24/2022 22:30,0
6/24/2022 23:00,0
6/24/2022 23:30,0
6/25/2022 0:00,0
6/25/2022 0:30,0
6/25/2022 1:00,0
6/25/2022 1:30,0
6/25/2022 2:00,0
6/25/2022 2:30,0
6/25/2022 3:00,0
6/25/2022 3:30,0
6/25/2022 4:00,0
6/25/2022 4:30,0
6/25/2022 5:00,0
6/25/2022 5:30,0
6/25/2022 6:00,0
6/25/2022 6:30,0
6/25/2022 7:00,0
6/25/2022 7:30,0
6/25/2022 8:00,0
6/25/2022 8:30,0
6/25/2022 9:00,0
6/25/2022 9:30,0
6/25/2022 10:00,0
6/25/2022 10:30,0
6/25/2022 11:00,0
6/25/2022 11:30,0
6/25/2022 12:00,0
6/25/2022 12:30,0
6/25/2022 13:00,0
6/25/2022 13:30,0
6/25/2022 14:00,0
6/25/2022 14:30,0
6/25/2022 15:00,0
6/25/2022 15:30,0
6/25/2022 16:00,0
6/25/2022 16:30,0
6/25/2022 17:00,0
6/25/2022 17:30,0
6/25/2022 18:00,0
6/25/2022 18:30,0
6/25/2022 19:00,0
6/25/2022 19:30,0
6/25/2022 20:00,0
6/25/2022 20:30,0
6/25/2022 21:00,0.8
6/25/2022 21:30,0
6/25/2022 22:00,0
6/25/2022 22:30,0
6/25/2022 23:00,0
6/25/2022 23:30,0
6/26/2022 0:00,0
6/26/2022 0:30,0
6/26/2022 1:00,0
6/26/2022 1:30,0
6/26/2022 2:00,0
6/26/2022 2:30,0
6/26/2022 3:00,0
6/26/2022 3:30,0
6/26/2022 4:00,0
6/26/2022 4:30,0
6/26/2022 5:00,0
6/26/2022 5:30,0
6/26/2022 6:00,0
6/26/2022 6:30,0
6/26/2022 7:00,0
6/26/2022 7:30,0
6/26/2022 8:00,0
6/26/2022 8:30,0
6/26/2022 9:00,0
6/26/2022 9:30,0
6/26/2022 10:00,0
6/26/2022 10:30,0
6/26/2022 11:00,0
6/26/2022 11:30,0
6/26/2022 12:00,0
6/26/2022 12:30,0
6/26/2022 13:00,0
6/26/2022 13:30,0
6/26/2022 14:00,0
6/26/2022 14:30,0
6/26/2022 15:00,0
6/26/2022 15:30,0
6/26/2022 16:00,0
6/26/2022 16:30,0
6/26/2022 17:00,0
6/26/2022 17:30,0
6/26/2022 18:00,0
6/26/2022 18:30,0
6/26/2022 19:00,0
6/26/2022 19:30,0
6/26/2022 20:00,0
6/26/2022 20:30,0
6/26/2022 21:00,0
6/26/2022 21:30,0
6/26/2022 22:00,0
6/26/2022 22:30,0
6/26/2022 23:00,0
6/26/2022 23:30,0
6/27/2022 0:00,0
6/27/2022 0:30,0
6/27/2022 1:00,0
6/27/2022 1:30,0
6/27/2022 2:00,0
6/27/2022 2:30,0
6/27/2022 3:00,0
6/27/2022 3:30,0
6/27/2022 4:00,0
6/27/2022 4:30,0
6/27/2022 5:00,0
6/27/2022 5:30,0
6/27/2022 6:00,0
6/27/2022 6:30,0
6/27/2022 7:00,0
6/27/2022 7:30,0
6/27/2022 8:00,0
6/27/2022 8:30,0
6/27/2022 9:00,0
6/27/2022 9:30,0
6/27/2022 10:00,0
6/27/2022 10:30,0
6/27/2022 11:00,0
6/27/2022 11:30,0
6/27/2022 12:00,0
6/27/2022 12:30,0
6/27/2022 13:00,0
6/27/2022 13:30,0
6/27/2022 14:00,0
6/27/2022 14:30,0
6/27/2022 15:00,0
6/27/2022 15:30,0
6/27/2022 16:00,0
6/27/2022 16:30,0
6/27/2022 17:00,0
6/27/2022 17:30,0
6/27/2022 18:00,0
6/27/2022 18:30,0
6/27/2022 19:00,0
6/27/2022 19:30,0
6/27/2022 20:00,0
6/27/2022 20:30,0
6/27/2022 21:00,0
6/27/2022 21:30,0
6/27/2022 22:00,0
6/27/2022 22:30,0
6/27/2022 23:00,0
6/27/2022 23:30,0
6/28/2022 0:00,0
6/28/2022 0:30,0
6/28/2022 1:00,0
6/28/2022 1:30,0
6/28/2022 2:00,0
6/28/2022 2:30,0
6/28/2022 3:00,0
6/28/2022 3:30,0
6/28/2022 4:00,0
6/28/2022 4:30,0
6/28/2022 5:00,0
6/28/2022 5:30,0
6/28/2022 6:00,0
6/28/2022 6:30,0
6/28/2022 7:00,0
6/28/2022 7:30,0
6/28/2022 8:00,0
6/28/2022 8:30,0
6/28/2022 9:00,0
6/28/2022 9:30,0
6/28/2022 10:00,0
6/28/2022 10:30,0
6/28/2022 11:00,0
6/28/2022 11:30,0
6/28/2022 12:00,0
6/28/2022 12:30,0
6/28/2022 13:00,0
6/28/2022 13:30,0
6/28/2022 14:00,0
6/28/2022 14:30,0
6/28/2022 15:00,0
6/28/2022 15:30,0
6/28/2022 16:00,0
6/28/2022 16:30,0
6/28/2022 17:00,0
6/28/2022 17:30,0
6/28/2022 18:00,0
6/28/2022 18:30,0
6/28/2022 19:00,0
6/28/2022 19:30,0
6/28/2022 20:00,0
6/28/2022 20:30,0
6/28/2022 21:00,0
6/28/2022 21:30,0
6/28/2022 22:00,0
6/28/2022 22:30,0
6/28/2022 23:00,0
6/28/2022 23:30,0
6/29/2022 0:00,0
6/29/2022 0:30,0
6/29/2022 1:00,0
6/29/2022 1:30,0
6/29/2022 2:00,0
6/29/2022 2:30,0
6/29/2022 3:00,0
6/29/2022 3:30,0
6/29/2022 4:00,0
6/29/2022 4:30,0
6/29/2022 5:00,0
6/29/2022 5:30,0
6/29/2022 6:00,0
6/29/2022 6:30,0
6/29/2022 7:00,0
6/29/2022 7:30,0
6/29/2022 8:00,0
6/29/2022 8:30,0
6/29/2022 9:00,0
6/29/2022 9:30,0
6/29/2022 10:00,0
6/29/2022 10:30,0
6/29/2022 11:00,0
6/29/2022 11:30,0
6/29/2022 12:00,0
6/29/2022 12:30,0
6/29/2022 13:00,0
6/29/2022 13:30,0
6/29/2022 14:00,0
6/29/2022 14:30,0
6/29/2022 15:00,0
6/29/2022 15:30,0
6/29/2022 16:00,0
6/29/2022 16:30,0
6/29/2022 17:00,0
6/29/2022 17:30,0
6/29/2022 18:00,0
6/29/2022 18:30,0
6/29/2022 19:00,0
6/29/2022 19:30,0
6/29/2022 20:00,0
6/29/2022 20:30,0
6/29/2022 21:00,0
6/29/2022 21:30,0
6/29/2022 22:00,0
6/29/2022 22:30,0
6/29/2022 23:00,0
6/29/2022 23:30,0
6/30/2022 0:00,0
6/30/2022 0:30,0
6/30/2022 1:00,0
6/30/2022 1:30,0
6/30/2022 2:00,0
6/30/2022 2:30,0
6/30/2022 3:00,0
6/30/2022 3:30,0
6/30/2022 4:00,0
6/30/2022 4:30,0
6/30/2022 5:00,0
6/30/2022 5:30,0
6/30/2022 6:00,0
6/30/2022 6:30,0
6/30/2022 7:00,0
6/30/2022 7:30,0
6/30/2022 8:00,0
6/30/2022 8:30,0
6/30/2022 9:00,0
6/30/2022 9:30,0
6/30/2022 10:00,0
6/30/2022 10:30,0
6/30/2022 11:00,0
6/30/2022 11:30,0
6/30/2022 12:00,0
6/30/2022 12:30,0
6/30/2022 13:00,0
6/30/2022 13:30,0
6/30/2022 14:00,0
6/30/2022 14:30,0
6/30/2022 15:00,0
6/30/2022 15:30,0
6/30/2022 16:00,0
6/30/2022 16:30,0
6/30/2022 17:00,0
6/30/2022 17:30,0
6/30/2022 18:00,0
6/30/2022 18:30,0
6/30/2022 19:00,0
6/30/2022 19:30,0
6/30/2022 20:00,0
6/30/2022 20:30,0
6/30/2022 21:00,0
6/30/2022 21:30,0
6/30/2022 22:00,0
6/30/2022 22:30,0
6/30/2022 23:00,0
6/30/2022 23:30,0
7/1/2022 0:00,0
7/1/2022 0:30,0
7/1/2022 1:00,0
7/1/2022 1:30,0
7/1/2022 2:00,0
7/1/2022 2:30,0
7/1/2022 3:00,0
7/1/2022 3:30,0
7/1/2022 4:00,0
7/1/2022 4:30,0
7/1/2022 5:00,0
7/1/2022 5:30,0
7/1/2022 6:00,0
7/1/2022 6:30,0
7/1/2022 7:00,0
7/1/2022 7:30,0
7/1/2022 8:00,0
7/1/2022 8:30,0
7/1/2022 9:00,0
7/1/2022 9:30,0
7/1/2022 10:00,0
7/1/2022 10:30,0
7/1/2022 11:00,0
7/1/2022 11:30,0
7/1/2022 12:00,0
7/1/2022 12:30,0
7/1/2022 13:00,0
7/1/2022 13:30,0
7/1/2022 14:00,0
7/1/2022 14:30,0
7/1/2022 15:00,0
7/1/2022 15:30,0
7/1/2022 16:00,0
7/1/2022 16:30,0
7/1/2022 17:00,0
7/1/2022 17:30,0
7/1/2022 18:00,0
7/1/2022 18:30,0
7/1/2022 19:00,0
7/1/2022 19:30,0
7/1/2022 20:00,0
7/1/2022 20:30,0
7/1/2022 21:00,0
7/1/2022 21:30,0
7/1/2022 22:00,0
7/1/2022 22:30,0
7/1/2022 23:00,0
7/1/2022 23:30,0
7/2/2022 0:00,0
7/2/2022 0:30,0
7/2/2022 1:00,0
7/2/2022 1:30,0
7/2/2022 2:00,0
7/2/2022 2:30,0
7/2/2022 3:00,0
7/2/2022 3:30,0
7/2/2022 4:00,0
7/2/2022 4:30,0
7/2/2022 5:00,0
7/2/2022 5:30,0
7/2/2022 6:00,0
7/2/2022 6:30,0
7/2/2022 7:00,0
7/2/2022 7:30,0
7/2/2022 8:00,0
7/2/2022 8:30,0
7/2/2022 9:00,0
7/2/2022 9:30,0
7/2/2022 10:00,0
7/2/2022 10:30,0
7/2/2022 11:00,0
7/2/2022 11:30,0
7/2/2022 12:00,0
7/2/2022 12:30,0
7/2/2022 13:00,0
7/2/2022 13:30,0
7/2/2022 14:00,0
7/2/2022 14:30,0
7/2/2022 15:00,0
7/2/2022 15:30,0
7/2/2022 16:00,0
7/2/2022 16:30,0
7/2/2022 17:00,0
7/2/2022 17:30,0
7/2/2022 18:00,0
7/2/2022 18:30,0
7/2/2022 19:00,0
7/2/2022 19:30,0
7/2/2022 20:00,0
7/2/2022 20:30,0
7/2/2022 21:00,0
7/2/2022 21:30,0
7/2/2022 22:00,0
7/2/2022 22:30,0
7/2/2022 23:00,0
7/2/2022 23:30,0
7/3/2022 0:00,0
7/3/2022 0:30,0
7/3/2022 1:00,0
7/3/2022 1:30,0
7/3/2022 2:00,0
7/3/2022 2:30,0
7/3/2022 3:00,0
7/3/2022 3:30,0
7/3/2022 4:00,0
7/3/2022 4:30,0
7/3/2022 5:00,0
7/3/2022 5:30,0
7/3/2022 6:00,0
7/3/2022 6:30,0
7/3/2022 7:00,0
7/3/2022 7:30,0
7/3/2022 8:00,0
7/3/2022 8:30,0
7/3/2022 9:00,0
7/3/2022 9:30,0
7/3/2022 10:00,0
7/3/2022 10:30,0
7/3/2022 11:00,0
7/3/2022 11:30,0
7/3/2022 12:00,0
7/3/2022 12:30,0
7/3/2022 13:00,0
7/3/2022 13:30,0
7/3/2022 14:00,0
7/3/2022 14:30,0
7/3/2022 15:00,0
7/3/2022 15:30,0
7/3/2022 16:00,0
7/3/2022 16:30,0
7/3/2022 17:00,0
7/3/2022 17:30,0
7/3/2022 18:00,0
7/3/2022 18:30,0
7/3/2022 19:00,0
7/3/2022 19:30,0
7/3/2022 20:00,0
7/3/2022 20:30,0
7/3/2022 21:00,0
7/3/2022 21:30,0
7/3/2022 22:00,0
7/3/2022 22:30,0
7/3/2022 23:00,0
7/3/2022 23:30,0
7/4/2022 0:00,0
7/4/2022 0:30,0
7/4/2022 1:00,0
7/4/2022 1:30,0
7/4/2022 2:00,0
7/4/2022 2:30,0
7/4/2022 3:00,0
7/4/2022 3:30,0
7/4/2022 4:00,0
7/4/2022 4:30,0
7/4/2022 5:00,0
7/4/2022 5:30,0
7/4/2022 6:00,0
7/4/2022 6:30,0
7/4/2022 7:00,0
7/4/2022 7:30,0
7/4/2022 8:00,0
7/4/2022 8:30,0
7/4/2022 9:00,0
7/4/2022 9:30,0
7/4/2022 10:00,0
7/4/2022 10:30,0
7/4/2022 11:00,0
7/4/2022 11:30,0
7/4/2022 12:00,0
7/4/2022 12:30,0
7/4/2022 13:00,0
7/4/2022 13:30,0
7/4/2022 14:00,0
7/4/2022 14:30,0
7/4/2022 15:00,0
7/4/2022 15:30,0
7/4/2022 16:00,0
7/4/2022 16:30,0
7/4/2022 17:00,0
7/4/2022 17:30,0
7/4/2022 18:00,0
7/4/2022 18:30,0
7/4/2022 19:00,0
7/4/2022 19:30,0
7/4/2022 20:00,0
7/4/2022 20:30,0
7/4/2022 21:00,0
7/4/2022 21:30,0
7/4/2022 22:00,0
7/4/2022 22:30,0
7/4/2022 23:00,0
7/4/2022 23:30,0
7/5/2022 0:00,0
7/5/2022 0:30,0
7/5/2022 1:00,0
7/5/2022 1:30,0
7/5/2022 2:00,0
7/5/2022 2:30,0
7/5/2022 3:00,0
7/5/2022 3:30,0
7/5/2022 4:00,0
7/5/2022 4:30,0
7/5/2022 5:00,0
7/5/2022 5:30,0
7/5/2022 6:00,0
7/5/2022 6:30,0
7/5/2022 7:00,0
7/5/2022 7:30,0
7/5/2022 8:00,0
7/5/2022 8:30,0
7/5/2022 9:00,0
7/5/2022 9:30,0
7/5/2022 10:00,0
7/5/2022 10:30,0
7/5/2022 11:00,0
7/5/2022 11:30,0
7/5/2022 12:00,0
7/5/2022 12:30,0
7/5/2022 13:00,0
7/5/2022 13:30,0
7/5/2022 14:00,0
7/5/2022 14:30,0
7/5/2022 15:00,0
7/5/2022 15:30,0
7/5/2022 16:00,0
7/5/2022 16:30,0
7/5/2022 17:00,0
7/5/2022 17:30,0
7/5/2022 18:00,0
7/5/2022 18:30,0
7/5/2022 19:00,0
7/5/2022 19:30,0
7/5/2022 20:00,0
7/5/2022 20:30,0
7/5/2022 21:00,0
7/5/2022 21:30,0
7/5/2022 22:00,0
7/5/2022 22:30,0
7/5/2022 23:00,0
7/5/2022 23:30,0
7/6/2022 0:00,0
7/6/2022 0:30,2.5
7/6/2022 1:00,0.1
7/6/2022 1:30,0.1
7/6/2022 2:00,0
7/6/2022 2:30,0
7/6/2022 3:00,0
7/6/2022 3:30,0
7/6/2022 4:00,0
7/6/2022 4:30,0
7/6/2022 5:00,0
7/6/2022 5:30,0
7/6/2022 6:00,0
7/6/2022 6:30,0
7/6/2022 7:00,0
7/6/2022 7:30,0
7/6/2022 8:00,0
7/6/2022 8:30,0
7/6/2022 9:00,0
7/6/2022 9:30,0
7/6/2022 10:00,0
7/6/2022 10:30,0
7/6/2022 11:00,0
7/6/2022 11:30,0
7/6/2022 12:00,0
7/6/2022 12:30,0
7/6/2022 13:00,0
7/6/2022 13:30,0
7/6/2022 14:00,0
7/6/2022 14:30,0
7/6/2022 15:00,0
7/6/2022 15:30,0
7/6/2022 16:00,0
7/6/2022 16:30,0
7/6/2022 17:00,0
7/6/2022 17:30,0
7/6/2022 18:00,0
7/6/2022 18:30,0
7/6/2022 19:00,0
7/6/2022 19:30,0
7/6/2022 20:00,0
7/6/2022 20:30,0
7/6/2022 21:00,0
7/6/2022 21:30,0
7/6/2022 22:00,0
7/6/2022 22:30,0
7/6/2022 23:00,0
7/6/2022 23:30,0
7/7/2022 0:00,0
7/7/2022 0:30,0
7/7/2022 1:00,0
7/7/2022 1:30,0
7/7/2022 2:00,0
7/7/2022 2:30,0
7/7/2022 3:00,0
7/7/2022 3:30,0
7/7/2022 4:00,0
7/7/2022 4:30,0
7/7/2022 5:00,0
7/7/2022 5:30,0
7/7/2022 6:00,0
7/7/2022 6:30,0
7/7/2022 7:00,0
7/7/2022 7:30,0
7/7/2022 8:00,0
7/7/2022 8:30,0
7/7/2022 9:00,0
7/7/2022 9:30,0
7/7/2022 10:00,0
7/7/2022 10:30,0
7/7/2022 11:00,0
7/7/2022 11:30,0
7/7/2022 12:00,0
7/7/2022 12:30,0
7/7/2022 13:00,0
7/7/2022 13:30,0
7/7/2022 14:00,0
7/7/2022 14:30,0
7/7/2022 15:00,0
7/7/2022 15:30,0
7/7/2022 16:00,0
7/7/2022 16:30,0
7/7/2022 17:00,0
7/7/2022 17:30,0
7/7/2022 18:00,0.4
7/7/2022 18:30,8.4
7/7/2022 19:00,0.8
7/7/2022 19:30,0.2
7/7/2022 20:00,0.3
7/7/2022 20:30,0.2
7/7/2022 21:00,1.2
7/7/2022 21:30,0.5
7/7/2022 22:00,0.1
7/7/2022 22:30,0
7/7/2022 23:00,0
7/7/2022 23:30,0
7/8/2022 0:00,0
7/8/2022 0:30,0
7/8/2022 1:00,0
7/8/2022 1:30,0
7/8/2022 2:00,0
7/8/2022 2:30,0
7/8/2022 3:00,0
7/8/2022 3:30,0
7/8/2022 4:00,0
7/8/2022 4:30,0
7/8/2022 5:00,0
7/8/2022 5:30,0
7/8/2022 6:00,0
7/8/2022 6:30,0
7/8/2022 7:00,0
7/8/2022 7:30,0
7/8/2022 8:00,0
7/8/2022 8:30,0
7/8/2022 9:00,0
7/8/2022 9:30,0
7/8/2022 10:00,0
7/8/2022 10:30,0
7/8/2022 11:00,0
7/8/2022 11:30,0
7/8/2022 12:00,0
7/8/2022 12:30,0
7/8/2022 13:00,0
7/8/2022 13:30,0
7/8/2022 14:00,0
7/8/2022 14:30,0
7/8/2022 15:00,0
7/8/2022 15:30,0
7/8/2022 16:00,0
7/8/2022 16:30,0
7/8/2022 17:00,0
7/8/2022 17:30,0
7/8/2022 18:00,0
7/8/2022 18:30,0
7/8/2022 19:00,0
7/8/2022 19:30,0
7/8/2022 20:00,0
7/8/2022 20:30,0
7/8/2022 21:00,0
7/8/2022 21:30,0
7/8/2022 22:00,0
7/8/2022 22:30,0
7/8/2022 23:00,0
7/8/2022 23:30,0
7/9/2022 0:00,0
7/9/2022 0:30,0
7/9/2022 1:00,0
7/9/2022 1:30,0
7/9/2022 2:00,0
7/9/2022 2:30,0
7/9/2022 3:00,0
7/9/2022 3:30,0
7/9/2022 4:00,0
7/9/2022 4:30,0
7/9/2022 5:00,0
7/9/2022 5:30,0
7/9/2022 6:00,0
7/9/2022 6:30,0
7/9/2022 7:00,0
7/9/2022 7:30,0
7/9/2022 8:00,0
7/9/2022 8:30,0
7/9/2022 9:00,0
7/9/2022 9:30,0
7/9/2022 10:00,0
7/9/2022 10:30,0
7/9/2022 11:00,0
7/9/2022 11:30,0
7/9/2022 12:00,0
7/9/2022 12:30,0
7/9/2022 13:00,0
7/9/2022 13:30,0
7/9/2022 14:00,0
7/9/2022 14:30,0
7/9/2022 15:00,0
7/9/2022 15:30,0
7/9/2022 16:00,0
7/9/2022 16:30,0
7/9/2022 17:00,2.4
7/9/2022 17:30,0.1
7/9/2022 18:00,0
7/9/2022 18:30,0
7/9/2022 19:00,0
7/9/2022 19:30,0
7/9/2022 20:00,0
7/9/2022 20:30,0
7/9/2022 21:00,0
7/9/2022 21:30,0
7/9/2022 22:00,0
7/9/2022 22:30,0
7/9/2022 23:00,0
7/9/2022 23:30,0
7/10/2022 0:00,0
7/10/2022 0:30,0
7/10/2022 1:00,0
7/10/2022 1:30,0
7/10/2022 2:00,0
7/10/2022 2:30,0
7/10/2022 3:00,0
7/10/2022 3:30,0
7/10/2022 4:00,0
7/10/2022 4:30,0
7/10/2022 5:00,0
7/10/2022 5:30,0
7/10/2022 6:00,0
7/10/2022 6:30,0
7/10/2022 7:00,0
7/10/2022 7:30,0
7/10/2022 8:00,0
7/10/2022 8:30,0
7/10/2022 9:00,0
7/10/2022 9:30,0
7/10/2022 10:00,0
7/10/2022 10:30,0
7/10/2022 11:00,0
7/10/2022 11:30,0
7/10/2022 12:00,0
7/10/2022 12:30,0
7/10/2022 13:00,0
7/10/2022 13:30,0
7/10/2022 14:00,0
7/10/2022 14:30,0
7/10/2022 15:00,0
7/10/2022 15:30,0
7/10/2022 16:00,0
7/10/2022 16:30,0
7/10/2022 17:00,0
7/10/2022 17:30,0
7/10/2022 18:00,0
7/10/2022 18:30,0
7/10/2022 19:00,0
7/10/2022 19:30,0
7/10/2022 20:00,0
7/10/2022 20:30,0
7/10/2022 21:00,0
7/10/2022 21:30,0
7/10/2022 22:00,0
7/10/2022 22:30,0
7/10/2022 23:00,0
7/10/2022 23:30,0
7/11/2022 0:00,0
7/11/2022 0:30,0
7/11/2022 1:00,0
7/11/2022 1:30,0
7/11/2022 2:00,0
7/11/2022 2:30,0
7/11/2022 3:00,0
7/11/2022 3:30,0
7/11/2022 4:00,0
7/11/2022 4:30,0
7/11/2022 5:00,0
7/11/2022 5:30,0
7/11/2022 6:00,0
7/11/2022 6:30,0
7/11/2022 7:00,0
7/11/2022 7:30,0
7/11/2022 8:00,0
7/11/2022 8:30,0
7/11/2022 9:00,0
7/11/2022 9:30,0
7/11/2022 10:00,0
7/11/2022 10:30,0
7/11/2022 11:00,0
7/11/2022 11:30,0
7/11/2022 12:00,0
7/11/2022 12:30,0
7/11/2022 13:00,0
7/11/2022 13:30,0
7/11/2022 14:00,0
7/11/2022 14:30,0
7/11/2022 15:00,0
7/11/2022 15:30,0
7/11/2022 16:00,0
7/11/2022 16:30,0
7/11/2022 17:00,0
7/11/2022 17:30,0
7/11/2022 18:00,0
7/11/2022 18:30,0
7/11/2022 19:00,0
7/11/2022 19:30,0
7/11/2022 20:00,0
7/11/2022 20:30,0
7/11/2022 21:00,0
7/11/2022 21:30,0
7/11/2022 22:00,0
7/11/2022 22:30,0
7/11/2022 23:00,0
7/11/2022 23:30,0
7/12/2022 0:00,0
7/12/2022 0:30,0
7/12/2022 1:00,0
7/12/2022 1:30,0
7/12/2022 2:00,0
7/12/2022 2:30,0
7/12/2022 3:00,0
7/12/2022 3:30,0
7/12/2022 4:00,0
7/12/2022 4:30,0
7/12/2022 5:00,0
7/12/2022 5:30,0
7/12/2022 6:00,0
7/12/2022 6:30,0
7/12/2022 7:00,0
7/12/2022 7:30,0
7/12/2022 8:00,0
7/12/2022 8:30,0
7/12/2022 9:00,0
7/12/2022 9:30,0
7/12/2022 10:00,0
7/12/2022 10:30,0
7/12/2022 11:00,0
7/12/2022 11:30,0
7/12/2022 12:00,0
7/12/2022 12:30,0
7/12/2022 13:00,0
7/12/2022 13:30,0
7/12/2022 14:00,0
7/12/2022 14:30,0
7/12/2022 15:00,0
7/12/2022 15:30,0
7/12/2022 16:00,0
7/12/2022 16:30,0
7/12/2022 17:00,0
7/12/2022 17:30,0
7/12/2022 18:00,0
7/12/2022 18:30,0
7/12/2022 19:00,0
7/12/2022 19:30,0
7/12/2022 20:00,0
7/12/2022 20:30,0
7/12/2022 21:00,0
7/12/2022 21:30,0
7/12/2022 22:00,0
7/12/2022 22:30,0
7/12/2022 23:00,0
7/12/2022 23:30,0
7/13/2022 0:00,0
7/13/2022 0:30,0
7/13/2022 1:00,0
7/13/2022 1:30,0
7/13/2022 2:00,0
7/13/2022 2:30,0
7/13/2022 3:00,0
7/13/2022 3:30,0
7/13/2022 4:00,0
7/13/2022 4:30,0
7/13/2022 5:00,0
7/13/2022 5:30,0
7/13/2022 6:00,0
7/13/2022 6:30,0
7/13/2022 7:00,0
7/13/2022 7:30,0
7/13/2022 8:00,0
7/13/2022 8:30,0
7/13/2022 9:00,0
7/13/2022 9:30,0
7/13/2022 10:00,0
7/13/2022 10:30,0
7/13/2022 11:00,0
7/13/2022 11:30,0
7/13/2022 12:00,0
7/13/2022 12:30,0
7/13/2022 13:00,0
7/13/2022 13:30,0
7/13/2022 14:00,0
7/13/2022 14:30,0
7/13/2022 15:00,0
7/13/2022 15:30,0
7/13/2022 16:00,0
7/13/2022 16:30,0
7/13/2022 17:00,0
7/13/2022 17:30,0
7/13/2022 18:00,0
7/13/2022 18:30,0
7/13/2022 19:00,0
7/13/2022 19:30,0
7/13/2022 20:00,0
7/13/2022 20:30,0
7/13/2022 21:00,0
7/13/2022 21:30,0
7/13/2022 22:00,0
7/13/2022 22:30,0
7/13/2022 23:00,0
7/13/2022 23:30,0
7/14/2022 0:00,0
7/14/2022 0:30,0
7/14/2022 1:00,0
7/14/2022 1:30,0
7/14/2022 2:00,0
7/14/2022 2:30,0
7/14/2022 3:00,0
7/14/2022 3:30,0
7/14/2022 4:00,0
7/14/2022 4:30,0
7/14/2022 5:00,0
7/14/2022 5:30,0
7/14/2022 6:00,0
7/14/2022 6:30,0
7/14/2022 7:00,0
7/14/2022 7:30,0
7/14/2022 8:00,0
7/14/2022 8:30,0
7/14/2022 9:00,0
7/14/2022 9:30,0
7/14/2022 10:00,0
7/14/2022 10:30,0
7/14/2022 11:00,0
7/14/2022 11:30,0
7/14/2022 12:00,0
7/14/2022 12:30,0
7/14/2022 13:00,0
7/14/2022 13:30,0
7/14/2022 14:00,0
7/14/2022 14:30,0
7/14/2022 15:00,0
7/14/2022 15:30,0
7/14/2022 16:00,0
7/14/2022 16:30,0
7/14/2022 17:00,0
7/14/2022 17:30,0
7/14/2022 18:00,0
7/14/2022 18:30,0
7/14/2022 19:00,0
7/14/2022 19:30,0
7/14/2022 20:00,0
7/14/2022 20:30,0
7/14/2022 21:00,0
7/14/2022 21:30,0
7/14/2022 22:00,0
7/14/2022 22:30,0
7/14/2022 23:00,0
7/14/2022 23:30,0
7/15/2022 0:00,0
7/15/2022 0:30,0
7/15/2022 1:00,0
7/15/2022 1:30,0
7/15/2022 2:00,0
7/15/2022 2:30,0
7/15/2022 3:00,0
7/15/2022 3:30,0
7/15/2022 4:00,0
7/15/2022 4:30,0
7/15/2022 5:00,0
7/15/2022 5:30,0
7/15/2022 6:00,0
7/15/2022 6:30,0
7/15/2022 7:00,0
7/15/2022 7:30,0
7/15/2022 8:00,0
7/15/2022 8:30,0
7/15/2022 9:00,0
7/15/2022 9:30,0
7/15/2022 10:00,0
7/15/2022 10:30,0
7/15/2022 11:00,0
7/15/2022 11:30,0
7/15/2022 12:00,0
7/15/2022 12:30,0
7/15/2022 13:00,0
7/15/2022 13:30,0
7/15/2022 14:00,0
7/15/2022 14:30,0
7/15/2022 15:00,0
7/15/2022 15:30,0
7/15/2022 16:00,0
7/15/2022 16:30,0
7/15/2022 17:00,0
7/15/2022 17:30,0
7/15/2022 18:00,0
7/15/2022 18:30,0
7/15/2022 19:00,0
7/15/2022 19:30,0
7/15/2022 20:00,0
7/15/2022 20:30,0
7/15/2022 21:00,0
7/15/2022 21:30,0
7/15/2022 22:00,0
7/15/2022 22:30,0
7/15/2022 23:00,0
7/15/2022 23:30,0
7/16/2022 0:00,0
7/16/2022 0:30,0
7/16/2022 1:00,0
7/16/2022 1:30,0
7/16/2022 2:00,0
7/16/2022 2:30,0
7/16/2022 3:00,0
7/16/2022 3:30,0
7/16/2022 4:00,0
7/16/2022 4:30,0
7/16/2022 5:00,0
7/16/2022 5:30,0
7/16/2022 6:00,0
7/16/2022 6:30,0
7/16/2022 7:00,0
7/16/2022 7:30,0
7/16/2022 8:00,0
7/16/2022 8:30,0
7/16/2022 9:00,0
7/16/2022 9:30,0
7/16/2022 10:00,0
7/16/2022 10:30,0
7/16/2022 11:00,0
7/16/2022 11:30,0
7/16/2022 12:00,0
7/16/2022 12:30,0
7/16/2022 13:00,0
7/16/2022 13:30,0
7/16/2022 14:00,0
7/16/2022 14:30,0
7/16/2022 15:00,0
7/16/2022 15:30,0
7/16/2022 16:00,0
7/16/2022 16:30,0
7/16/2022 17:00,0
7/16/2022 17:30,0
7/16/2022 18:00,0
7/16/2022 18:30,0
7/16/2022 19:00,0
7/16/2022 19:30,0
7/16/2022 20:00,0
7/16/2022 20:30,0
7/16/2022 21:00,0
7/16/2022 21:30,0
7/16/2022 22:00,0
7/16/2022 22:30,0
7/16/2022 23:00,0
7/16/2022 23:30,0
7/17/2022 0:00,0
7/17/2022 0:30,0
7/17/2022 1:00,0
7/17/2022 1:30,0
7/17/2022 2:00,0
7/17/2022 2:30,0
7/17/2022 3:00,0
7/17/2022 3:30,0
7/17/2022 4:00,0
7/17/2022 4:30,0
7/17/2022 5:00,0
7/17/2022 5:30,0
7/17/2022 6:00,0
7/17/2022 6:30,0
7/17/2022 7:00,0
7/17/2022 7:30,0
7/17/2022 8:00,0
7/17/2022 8:30,0
7/17/2022 9:00,0
7/17/2022 9:30,0
7/17/2022 10:00,0
7/17/2022 10:30,0
7/17/2022 11:00,0
7/17/2022 11:30,0
7/17/2022 12:00,0
7/17/2022 12:30,0
7/17/2022 13:00,0
7/17/2022 13:30,0
7/17/2022 14:00,0
7/17/2022 14:30,0
7/17/2022 15:00,0
7/17/2022 15:30,0
7/17/2022 16:00,0
7/17/2022 16:30,0
7/17/2022 17:00,0
7/17/2022 17:30,0
7/17/2022 18:00,0
7/17/2022 18:30,0
7/17/2022 19:00,0
7/17/2022 19:30,0
7/17/2022 20:00,0
7/17/2022 20:30,0
7/17/2022 21:00,0
7/17/2022 21:30,0
7/17/2022 22:00,0
7/17/2022 22:30,0
7/17/2022 23:00,0
7/17/2022 23:30,0
7/18/2022 0:00,0
7/18/2022 0:30,0
7/18/2022 1:00,0
7/18/2022 1:30,0
7/18/2022 2:00,0
7/18/2022 2:30,0
7/18/2022 3:00,0
7/18/2022 3:30,0
7/18/2022 4:00,0
7/18/2022 4:30,0
7/18/2022 5:00,0
7/18/2022 5:30,0
7/18/2022 6:00,0
7/18/2022 6:30,0
7/18/2022 7:00,0
7/18/2022 7:30,0
7/18/2022 8:00,0
7/18/2022 8:30,0
7/18/2022 9:00,0
7/18/2022 9:30,0
7/18/2022 10:00,0
7/18/2022 10:30,0
7/18/2022 11:00,0
7/18/2022 11:30,0
7/18/2022 12:00,0
7/18/2022 12:30,0
7/18/2022 13:00,0
7/18/2022 13:30,0
7/18/2022 14:00,0
7/18/2022 14:30,0
7/18/2022 15:00,0
7/18/2022 15:30,0
7/18/2022 16:00,0
7/18/2022 16:30,0
7/18/2022 17:00,0
7/18/2022 17:30,0
7/18/2022 18:00,0
7/18/2022 18:30,0
7/18/2022 19:00,0
7/18/2022 19:30,0
7/18/2022 20:00,0
7/18/2022 20:30,0
7/18/2022 21:00,0
7/18/2022 21:30,0
7/18/2022 22:00,0
7/18/2022 22:30,0
7/18/2022 23:00,0
7/18/2022 23:30,0
7/19/2022 0:00,0
7/19/2022 0:30,0
7/19/2022 1:00,0
7/19/2022 1:30,0
7/19/2022 2:00,0
7/19/2022 2:30,0
7/19/2022 3:00,0
7/19/2022 3:30,0
7/19/2022 4:00,0
7/19/2022 4:30,0
7/19/2022 5:00,0
7/19/2022 5:30,0
7/19/2022 6:00,0
7/19/2022 6:30,0
7/19/2022 7:00,0
7/19/2022 7:30,0
7/19/2022 8:00,0
7/19/2022 8:30,0
7/19/2022 9:00,0
7/19/2022 9:30,0
7/19/2022 10:00,0
7/19/2022 10:30,0
7/19/2022 11:00,0
7/19/2022 11:30,0
7/19/2022 12:00,0
7/19/2022 12:30,0
7/19/2022 13:00,0
7/19/2022 13:30,0
7/19/2022 14:00,0
7/19/2022 14:30,0
7/19/2022 15:00,0
7/19/2022 15:30,0
7/19/2022 16:00,0
7/19/2022 16:30,0
7/19/2022 17:00,0
7/19/2022 17:30,0
7/19/2022 18:00,0
7/19/2022 18:30,0
7/19/2022 19:00,0
7/19/2022 19:30,0
7/19/2022 20:00,0
7/19/2022 20:30,0
7/19/2022 21:00,0
7/19/2022 21:30,0
7/19/2022 22:00,0
7/19/2022 22:30,0
7/19/2022 23:00,0
7/19/2022 23:30,0
7/20/2022 0:00,0
7/20/2022 0:30,0
7/20/2022 1:00,0
7/20/2022 1:30,0
7/20/2022 2:00,0
7/20/2022 2:30,0
7/20/2022 3:00,0
7/20/2022 3:30,0.3
7/20/2022 4:00,0
7/20/2022 4:30,0
7/20/2022 5:00,0
7/20/2022 5:30,0
7/20/2022 6:00,0
7/20/2022 6:30,0
7/20/2022 7:00,0
7/20/2022 7:30,0
7/20/2022 8:00,0
7/20/2022 8:30,0
7/20/2022 9:00,0
7/20/2022 9:30,0
7/20/2022 10:00,0
7/20/2022 10:30,0
7/20/2022 11:00,0
7/20/2022 11:30,0
7/20/2022 12:00,0
7/20/2022 12:30,0
7/20/2022 13:00,0
7/20/2022 13:30,0
7/20/2022 14:00,0
7/20/2022 14:30,0
7/20/2022 15:00,0
7/20/2022 15:30,0
7/20/2022 16:00,0
7/20/2022 16:30,0
7/20/2022 17:00,0
7/20/2022 17:30,0
7/20/2022 18:00,0
7/20/2022 18:30,0
7/20/2022 19:00,0
7/20/2022 19:30,0
7/20/2022 20:00,0
7/20/2022 20:30,0
7/20/2022 21:00,0
7/20/2022 21:30,0
7/20/2022 22:00,0
7/20/2022 22:30,0
7/20/2022 23:00,0
7/20/2022 23:30,0
7/21/2022 0:00,0
7/21/2022 0:30,0
7/21/2022 1:00,0
7/21/2022 1:30,0
7/21/2022 2:00,0
7/21/2022 2:30,0
7/21/2022 3:00,0
7/21/2022 3:30,0
7/21/2022 4:00,0
7/21/2022 4:30,0
7/21/2022 5:00,0
7/21/2022 5:30,0
7/21/2022 6:00,0
7/21/2022 6:30,0
7/21/2022 7:00,0
7/21/2022 7:30,0
7/21/2022 8:00,0
7/21/2022 8:30,0
7/21/2022 9:00,0
7/21/2022 9:30,0
7/21/2022 10:00,0
7/21/2022 10:30,0
7/21/2022 11:00,0
7/21/2022 11:30,0
7/21/2022 12:00,0
7/21/2022 12:30,0
7/21/2022 13:00,0
7/21/2022 13:30,0
7/21/2022 14:00,0
7/21/2022 14:30,0
7/21/2022 15:00,0
7/21/2022 15:30,0
7/21/2022 16:00,0
7/21/2022 16:30,0
7/21/2022 17:00,0
7/21/2022 17:30,0
7/21/2022 18:00,0
7/21/2022 18:30,0
7/21/2022 19:00,0
7/21/2022 19:30,0
7/21/2022 20:00,0
7/21/2022 20:30,0
7/21/2022 21:00,0
7/21/2022 21:30,0
7/21/2022 22:00,0
7/21/2022 22:30,0
7/21/2022 23:00,0
7/21/2022 23:30,0
7/22/2022 0:00,0
7/22/2022 0:30,0
7/22/2022 1:00,0
7/22/2022 1:30,0
7/22/2022 2:00,0
7/22/2022 2:30,0
7/22/2022 3:00,0
7/22/2022 3:30,0
7/22/2022 4:00,0
7/22/2022 4:30,0
7/22/2022 5:00,0
7/22/2022 5:30,0
7/22/2022 6:00,0
7/22/2022 6:30,0
7/22/2022 7:00,0
7/22/2022 7:30,0
7/22/2022 8:00,0
7/22/2022 8:30,0
7/22/2022 9:00,0
7/22/2022 9:30,0
7/22/2022 10:00,0
7/22/2022 10:30,0
7/22/2022 11:00,0
7/22/2022 11:30,0
7/22/2022 12:00,0
7/22/2022 12:30,0
7/22/2022 13:00,0
7/22/2022 13:30,0
7/22/2022 14:00,0
7/22/2022 14:30,0
7/22/2022 15:00,0
7/22/2022 15:30,0
7/22/2022 16:00,0
7/22/2022 16:30,0
7/22/2022 17:00,0
7/22/2022 17:30,0
7/22/2022 18:00,0
7/22/2022 18:30,0
7/22/2022 19:00,0
7/22/2022 19:30,0
7/22/2022 20:00,0
7/22/2022 20:30,0
7/22/2022 21:00,0
7/22/2022 21:30,0
7/22/2022 22:00,0
7/22/2022 22:30,0
7/22/2022 23:00,0
7/22/2022 23:30,0
7/23/2022 0:00,0
7/23/2022 0:30,0
7/23/2022 1:00,0
7/23/2022 1:30,0
7/23/2022 2:00,0
7/23/2022 2:30,0
7/23/2022 3:00,0
7/23/2022 3:30,0
7/23/2022 4:00,0
7/23/2022 4:30,0
7/23/2022 5:00,0
7/23/2022 5:30,0
7/23/2022 6:00,0
7/23/2022 6:30,0
7/23/2022 7:00,0
7/23/2022 7:30,0
7/23/2022 8:00,0
7/23/2022 8:30,0
7/23/2022 9:00,0
7/23/2022 9:30,0
7/23/2022 10:00,0
7/23/2022 10:30,0
7/23/2022 11:00,0
7/23/2022 11:30,0
7/23/2022 12:00,0
7/23/2022 12:30,0
7/23/2022 13:00,0
7/23/2022 13:30,0
7/23/2022 14:00,0
7/23/2022 14:30,0
7/23/2022 15:00,0
7/23/2022 15:30,0
7/23/2022 16:00,0
7/23/2022 16:30,0
7/23/2022 17:00,0
7/23/2022 17:30,0
7/23/2022 18:00,0
7/23/2022 18:30,0
7/23/2022 19:00,0
7/23/2022 19:30,0
7/23/2022 20:00,0
7/23/2022 20:30,0
7/23/2022 21:00,0
7/23/2022 21:30,0
7/23/2022 22:00,0
7/23/2022 22:30,0
7/23/2022 23:00,0
7/23/2022 23:30,0
7/24/2022 0:00,0
7/24/2022 0:30,0
7/24/2022 1:00,0
7/24/2022 1:30,0
7/24/2022 2:00,0
7/24/2022 2:30,0
7/24/2022 3:00,0
7/24/2022 3:30,0
7/24/2022 4:00,0
7/24/2022 4:30,0
7/24/2022 5:00,0
7/24/2022 5:30,0
7/24/2022 6:00,0
7/24/2022 6:30,0
7/24/2022 7:00,0
7/24/2022 7:30,0
7/24/2022 8:00,0
7/24/2022 8:30,0
7/24/2022 9:00,0
7/24/2022 9:30,0
7/24/2022 10:00,0
7/24/2022 10:30,0
7/24/2022 11:00,0
7/24/2022 11:30,0
7/24/2022 12:00,0
7/24/2022 12:30,0
7/24/2022 13:00,0
7/24/2022 13:30,0
7/24/2022 14:00,0
7/24/2022 14:30,0
7/24/2022 15:00,0
7/24/2022 15:30,0
7/24/2022 16:00,0
7/24/2022 16:30,0
7/24/2022 17:00,0
7/24/2022 17:30,0
7/24/2022 18:00,0
7/24/2022 18:30,0
7/24/2022 19:00,0
7/24/2022 19:30,0
7/24/2022 20:00,0
7/24/2022 20:30,0
7/24/2022 21:00,0
7/24/2022 21:30,0
7/24/2022 22:00,0
7/24/2022 22:30,0
7/24/2022 23:00,0.5
7/24/2022 23:30,0.3
7/25/2022 0:00,0
7/25/2022 0:30,0
7/25/2022 1:00,0
7/25/2022 1:30,0
7/25/2022 2:00,0
7/25/2022 2:30,0
7/25/2022 3:00,0
7/25/2022 3:30,0
7/25/2022 4:00,0
7/25/2022 4:30,0
7/25/2022 5:00,0
7/25/2022 5:30,0
7/25/2022 6:00,0
7/25/2022 6:30,0
7/25/2022 7:00,0
7/25/2022 7:30,0
7/25/2022 8:00,0
7/25/2022 8:30,0
7/25/2022 9:00,0
7/25/2022 9:30,0
7/25/2022 10:00,0
7/25/2022 10:30,0
7/25/2022 11:00,0
7/25/2022 11:30,0
7/25/2022 12:00,0
7/25/2022 12:30,0
7/25/2022 13:00,0
7/25/2022 13:30,0
7/25/2022 14:00,0
7/25/2022 14:30,0
7/25/2022 15:00,0
7/25/2022 15:30,0
7/25/2022 16:00,0
7/25/2022 16:30,0
7/25/2022 17:00,0
7/25/2022 17:30,0
7/25/2022 18:00,0
7/25/2022 18:30,0
7/25/2022 19:00,0
7/25/2022 19:30,0
7/25/2022 20:00,0
7/25/2022 20:30,0
7/25/2022 21:00,0
7/25/2022 21:30,0
7/25/2022 22:00,0
7/25/2022 22:30,0.8
7/25/2022 23:00,7.3
7/25/2022 23:30,0
7/26/2022 0:00,0
7/26/2022 0:30,0
7/26/2022 1:00,0
7/26/2022 1:30,0
7/26/2022 2:00,0
7/26/2022 2:30,0
7/26/2022 3:00,0
7/26/2022 3:30,0
7/26/2022 4:00,0
7/26/2022 4:30,0
7/26/2022 5:00,0
7/26/2022 5:30,0
7/26/2022 6:00,0
7/26/2022 6:30,0
7/26/2022 7:00,0
7/26/2022 7:30,0
7/26/2022 8:00,0
7/26/2022 8:30,0
7/26/2022 9:00,0
7/26/2022 9:30,0
7/26/2022 10:00,0
7/26/2022 10:30,0
7/26/2022 11:00,0
7/26/2022 11:30,0
7/26/2022 12:00,0
7/26/2022 12:30,0
7/26/2022 13:00,0
7/26/2022 13:30,0
7/26/2022 14:00,0
7/26/2022 14:30,0
7/26/2022 15:00,0
7/26/2022 15:30,0
7/26/2022 16:00,0
7/26/2022 16:30,0
7/26/2022 17:00,0
7/26/2022 17:30,0
7/26/2022 18:00,0
7/26/2022 18:30,0
7/26/2022 19:00,0
7/26/2022 19:30,0
7/26/2022 20:00,0
7/26/2022 20:30,0
7/26/2022 21:00,0
7/26/2022 21:30,0
7/26/2022 22:00,0
7/26/2022 22:30,0
7/26/2022 23:00,0
7/26/2022 23:30,0
7/27/2022 0:00,0
7/27/2022 0:30,0
7/27/2022 1:00,0
7/27/2022 1:30,0
7/27/2022 2:00,0
7/27/2022 2:30,0
7/27/2022 3:00,0
7/27/2022 3:30,0
7/27/2022 4:00,0
7/27/2022 4:30,0
7/27/2022 5:00,0
7/27/2022 5:30,0
7/27/2022 6:00,0
7/27/2022 6:30,0
7/27/2022 7:00,0
7/27/2022 7:30,0.5
7/27/2022 8:00,0
7/27/2022 8:30,0
7/27/2022 9:00,0
7/27/2022 9:30,0
7/27/2022 10:00,0
7/27/2022 10:30,0
7/27/2022 11:00,0
7/27/2022 11:30,0
7/27/2022 12:00,0
7/27/2022 12:30,0
7/27/2022 13:00,0
7/27/2022 13:30,0
7/27/2022 14:00,0
7/27/2022 14:30,0
7/27/2022 15:00,0
7/27/2022 15:30,0
7/27/2022 16:00,0
7/27/2022 16:30,0
7/27/2022 17:00,0
7/27/2022 17:30,0
7/27/2022 18:00,0
7/27/2022 18:30,0
7/27/2022 19:00,0
7/27/2022 19:30,0
7/27/2022 20:00,0
7/27/2022 20:30,0
7/27/2022 21:00,0
7/27/2022 21:30,0
7/27/2022 22:00,0
7/27/2022 22:30,0
7/27/2022 23:00,0
7/27/2022 23:30,0
7/28/2022 0:00,0
7/28/2022 0:30,0
7/28/2022 1:00,0
7/28/2022 1:30,0
7/28/2022 2:00,0
7/28/2022 2:30,0
7/28/2022 3:00,0
7/28/2022 3:30,0
7/28/2022 4:00,0
7/28/2022 4:30,0
7/28/2022 5:00,0
7/28/2022 5:30,0
7/28/2022 6:00,0
7/28/2022 6:30,0
7/28/2022 7:00,0
7/28/2022 7:30,0
7/28/2022 8:00,0
7/28/2022 8:30,0
7/28/2022 9:00,0
7/28/2022 9:30,0
7/28/2022 10:00,0
7/28/2022 10:30,0
7/28/2022 11:00,0
7/28/2022 11:30,0
7/28/2022 12:00,0
7/28/2022 12:30,0
7/28/2022 13:00,0
7/28/2022 13:30,0
7/28/2022 14:00,0
7/28/2022 14:30,0
7/28/2022 15:00,0
7/28/2022 15:30,0
7/28/2022 16:00,0
7/28/2022 16:30,0
7/28/2022 17:00,0
7/28/2022 17:30,0
7/28/2022 18:00,0
7/28/2022 18:30,0
7/28/2022 19:00,0
7/28/2022 19:30,0.3
7/28/2022 20:00,1.4
7/28/2022 20:30,0
7/28/2022 21:00,0
7/28/2022 21:30,1.5
7/28/2022 22:00,0
7/28/2022 22:30,0
7/28/2022 23:00,0
7/28/2022 23:30,1.6
7/29/2022 0:00,0.2
7/29/2022 0:30,0.2
7/29/2022 1:00,0
7/29/2022 1:30,0
7/29/2022 2:00,0
7/29/2022 2:30,0
7/29/2022 3:00,0
7/29/2022 3:30,0
7/29/2022 4:00,0
7/29/2022 4:30,0
7/29/2022 5:00,0
7/29/2022 5:30,0
7/29/2022 6:00,0
7/29/2022 6:30,0
7/29/2022 7:00,0
7/29/2022 7:30,0
7/29/2022 8:00,0
7/29/2022 8:30,0
7/29/2022 9:00,0
7/29/2022 9:30,0
7/29/2022 10:00,0
7/29/2022 10:30,0
7/29/2022 11:00,0
7/29/2022 11:30,0
7/29/2022 12:00,0
7/29/2022 12:30,0
7/29/2022 13:00,0
7/29/2022 13:30,0
7/29/2022 14:00,0
7/29/2022 14:30,0
7/29/2022 15:00,0
7/29/2022 15:30,0
7/29/2022 16:00,0
7/29/2022 16:30,0
7/29/2022 17:00,0.2
7/29/2022 17:30,0
7/29/2022 18:00,0
7/29/2022 18:30,0
7/29/2022 19:00,0
7/29/2022 19:30,0
7/29/2022 20:00,0
7/29/2022 20:30,0
7/29/2022 21:00,0
7/29/2022 21:30,0
7/29/2022 22:00,0
7/29/2022 22:30,0
7/29/2022 23:00,0
7/29/2022 23:30,0
7/30/2022 0:00,0
7/30/2022 0:30,0
7/30/2022 1:00,0
7/30/2022 1:30,0
7/30/2022 2:00,0
7/30/2022 2:30,0
7/30/2022 3:00,0
7/30/2022 3:30,0
7/30/2022 4:00,0
7/30/2022 4:30,0
7/30/2022 5:00,0
7/30/2022 5:30,0
7/30/2022 6:00,0
7/30/2022 6:30,0
7/30/2022 7:00,0
7/30/2022 7:30,0
7/30/2022 8:00,0
7/30/2022 8:30,0
7/30/2022 9:00,0
7/30/2022 9:30,0
7/30/2022 10:00,0
7/30/2022 10:30,0
7/30/2022 11:00,0
7/30/2022 11:30,0
7/30/2022 12:00,0
7/30/2022 12:30,0
7/30/2022 13:00,0
7/30/2022 13:30,0
7/30/2022 14:00,0
7/30/2022 14:30,0
7/30/2022 15:00,0
7/30/2022 15:30,0
7/30/2022 16:00,0
7/30/2022 16:30,0
7/30/2022 17:00,0
7/30/2022 17:30,0
7/30/2022 18:00,0
7/30/2022 18:30,0
7/30/2022 19:00,0
7/30/2022 19:30,0
7/30/2022 20:00,0
7/30/2022 20:30,0
7/30/2022 21:00,0
7/30/2022 21:30,0
7/30/2022 22:00,0
7/30/2022 22:30,0
7/30/2022 23:00,0
7/30/2022 23:30,0
7/31/2022 0:00,0
7/31/2022 0:30,0
7/31/2022 1:00,0
7/31/2022 1:30,0
7/31/2022 2:00,0
7/31/2022 2:30,0
7/31/2022 3:00,0
7/31/2022 3:30,0
7/31/2022 4:00,0
7/31/2022 4:30,0
7/31/2022 5:00,0
7/31/2022 5:30,0
7/31/2022 6:00,0
7/31/2022 6:30,0
7/31/2022 7:00,0
7/31/2022 7:30,0
7/31/2022 8:00,0
7/31/2022 8:30,0
7/31/2022 9:00,0
7/31/2022 9:30,0
7/31/2022 10:00,0
7/31/2022 10:30,0
7/31/2022 11:00,0
7/31/2022 11:30,0
7/31/2022 12:00,0
7/31/2022 12:30,0
7/31/2022 13:00,0
7/31/2022 13:30,0
7/31/2022 14:00,0
7/31/2022 14:30,0
7/31/2022 15:00,0
7/31/2022 15:30,0
7/31/2022 16:00,0
7/31/2022 16:30,0
7/31/2022 17:00,0
7/31/2022 17:30,0
7/31/2022 18:00,0
7/31/2022 18:30,0
7/31/2022 19:00,0
7/31/2022 19:30,0
7/31/2022 20:00,0
7/31/2022 20:30,0
7/31/2022 21:00,0
7/31/2022 21:30,0
7/31/2022 22:00,0
7/31/2022 22:30,0
7/31/2022 23:00,0
7/31/2022 23:30,0
8/1/2022 0:00,0
8/1/2022 0:30,0
8/1/2022 1:00,0
8/1/2022 1:30,0
8/1/2022 2:00,0
8/1/2022 2:30,0
8/1/2022 3:00,0
8/1/2022 3:30,0
8/1/2022 4:00,0
8/1/2022 4:30,0
8/1/2022 5:00,0
8/1/2022 5:30,0
8/1/2022 6:00,0
8/1/2022 6:30,0
8/1/2022 7:00,0
8/1/2022 7:30,0
8/1/2022 8:00,0
8/1/2022 8:30,0
8/1/2022 9:00,0
8/1/2022 9:30,0
8/1/2022 10:00,0
8/1/2022 10:30,0
8/1/2022 11:00,0
8/1/2022 11:30,0
8/1/2022 12:00,0
8/1/2022 12:30,0
8/1/2022 13:00,0
8/1/2022 13:30,0
8/1/2022 14:00,0
8/1/2022 14:30,0
8/1/2022 15:00,0
8/1/2022 15:30,0
8/1/2022 16:00,0
8/1/2022 16:30,0
8/1/2022 17:00,0
8/1/2022 17:30,0
8/1/2022 18:00,0
8/1/2022 18:30,0
8/1/2022 19:00,0
8/1/2022 19:30,0
8/1/2022 20:00,0
8/1/2022 20:30,0
8/1/2022 21:00,0
8/1/2022 21:30,0
8/1/2022 22:00,0
8/1/2022 22:30,0
8/1/2022 23:00,0
8/1/2022 23:30,0
8/2/2022 0:00,0
8/2/2022 0:30,0
8/2/2022 1:00,0
8/2/2022 1:30,0
8/2/2022 2:00,0
8/2/2022 2:30,0
8/2/2022 3:00,0
8/2/2022 3:30,0
8/2/2022 4:00,0
8/2/2022 4:30,0
8/2/2022 5:00,0
8/2/2022 5:30,0
8/2/2022 6:00,0
8/2/2022 6:30,0
8/2/2022 7:00,0
8/2/2022 7:30,0
8/2/2022 8:00,0
8/2/2022 8:30,0
8/2/2022 9:00,0
8/2/2022 9:30,0
8/2/2022 10:00,0
8/2/2022 10:30,0
8/2/2022 11:00,0
8/2/2022 11:30,0
8/2/2022 12:00,0
8/2/2022 12:30,0
8/2/2022 13:00,0
8/2/2022 13:30,0
8/2/2022 14:00,0
8/2/2022 14:30,0
8/2/2022 15:00,0
8/2/2022 15:30,0
8/2/2022 16:00,0
8/2/2022 16:30,0
8/2/2022 17:00,0
8/2/2022 17:30,0
8/2/2022 18:00,0
8/2/2022 18:30,0
8/2/2022 19:00,0
8/2/2022 19:30,0
8/2/2022 20:00,0
8/2/2022 20:30,0.5
8/2/2022 21:00,0
8/2/2022 21:30,0
8/2/2022 22:00,0.1
8/2/2022 22:30,0
8/2/2022 23:00,0
8/2/2022 23:30,0
8/3/2022 0:00,0
8/3/2022 0:30,0
8/3/2022 1:00,0
8/3/2022 1:30,0
8/3/2022 2:00,0
8/3/2022 2:30,0
8/3/2022 3:00,0
8/3/2022 3:30,0
8/3/2022 4:00,0
8/3/2022 4:30,0
8/3/2022 5:00,0
8/3/2022 5:30,0
8/3/2022 6:00,0
8/3/2022 6:30,0
8/3/2022 7:00,0
8/3/2022 7:30,0
8/3/2022 8:00,0
8/3/2022 8:30,0
8/3/2022 9:00,0
8/3/2022 9:30,0
8/3/2022 10:00,0
8/3/2022 10:30,0
8/3/2022 11:00,0
8/3/2022 11:30,0
8/3/2022 12:00,0
8/3/2022 12:30,0
8/3/2022 13:00,0
8/3/2022 13:30,0
8/3/2022 14:00,0
8/3/2022 14:30,0
8/3/2022 15:00,0
8/3/2022 15:30,0
8/3/2022 16:00,0
8/3/2022 16:30,0
8/3/2022 17:00,0
8/3/2022 17:30,0
8/3/2022 18:00,0
8/3/2022 18:30,0
8/3/2022 19:00,0
8/3/2022 19:30,0
8/3/2022 20:00,0
8/3/2022 20:30,0
8/3/2022 21:00,0
8/3/2022 21:30,0
8/3/2022 22:00,0
8/3/2022 22:30,3
8/3/2022 23:00,0.4
8/3/2022 23:30,0
8/4/2022 0:00,0
8/4/2022 0:30,0
8/4/2022 1:00,0
8/4/2022 1:30,0
8/4/2022 2:00,0
8/4/2022 2:30,0
8/4/2022 3:00,0
8/4/2022 3:30,0
8/4/2022 4:00,0
8/4/2022 4:30,0
8/4/2022 5:00,0
8/4/2022 5:30,0
8/4/2022 6:00,0
8/4/2022 6:30,0
8/4/2022 7:00,0
8/4/2022 7:30,0
8/4/2022 8:00,0
8/4/2022 8:30,0
8/4/2022 9:00,0
8/4/2022 9:30,0
8/4/2022 10:00,0
8/4/2022 10:30,0
8/4/2022 11:00,0
8/4/2022 11:30,0
8/4/2022 12:00,0
8/4/2022 12:30,0
8/4/2022 13:00,0
8/4/2022 13:30,0
8/4/2022 14:00,0
8/4/2022 14:30,0
8/4/2022 15:00,0
8/4/2022 15:30,0
8/4/2022 16:00,0
8/4/2022 16:30,0
8/4/2022 17:00,0
8/4/2022 17:30,0
8/4/2022 18:00,0
8/4/2022 18:30,0
8/4/2022 19:00,0
8/4/2022 19:30,0
8/4/2022 20:00,0
8/4/2022 20:30,0
8/4/2022 21:00,0
8/4/2022 21:30,0
8/4/2022 22:00,0
8/4/2022 22:30,0
8/4/2022 23:00,0
8/4/2022 23:30,0
8/5/2022 0:00,0
8/5/2022 0:30,0
8/5/2022 1:00,0
8/5/2022 1:30,0
8/5/2022 2:00,0
8/5/2022 2:30,0
8/5/2022 3:00,0
8/5/2022 3:30,0
8/5/2022 4:00,0
8/5/2022 4:30,0
8/5/2022 5:00,0
8/5/2022 5:30,0
8/5/2022 6:00,0
8/5/2022 6:30,0
8/5/2022 7:00,0
8/5/2022 7:30,0
8/5/2022 8:00,0
8/5/2022 8:30,0
8/5/2022 9:00,0
8/5/2022 9:30,0
8/5/2022 10:00,0
8/5/2022 10:30,0
8/5/2022 11:00,0
8/5/2022 11:30,0
8/5/2022 12:00,0
8/5/2022 12:30,0
8/5/2022 13:00,0
8/5/2022 13:30,0
8/5/2022 14:00,0
8/5/2022 14:30,0
8/5/2022 15:00,0
8/5/2022 15:30,0
8/5/2022 16:00,0
8/5/2022 16:30,0
8/5/2022 17:00,0
8/5/2022 17:30,0
8/5/2022 18:00,0
8/5/2022 18:30,0
8/5/2022 19:00,0
8/5/2022 19:30,0
8/5/2022 20:00,0
8/5/2022 20:30,0
8/5/2022 21:00,0
8/5/2022 21:30,0
8/5/2022 22:00,0
8/5/2022 22:30,0
8/5/2022 23:00,0
8/5/2022 23:30,0
8/6/2022 0:00,0
8/6/2022 0:30,0
8/6/2022 1:00,0
8/6/2022 1:30,0
8/6/2022 2:00,0
8/6/2022 2:30,0
8/6/2022 3:00,0
8/6/2022 3:30,0
8/6/2022 4:00,0
8/6/2022 4:30,0
8/6/2022 5:00,0
8/6/2022 5:30,0
8/6/2022 6:00,0
8/6/2022 6:30,0
8/6/2022 7:00,0
8/6/2022 7:30,0
8/6/2022 8:00,0
8/6/2022 8:30,0
8/6/2022 9:00,0
8/6/2022 9:30,0
8/6/2022 10:00,0
8/6/2022 10:30,0
8/6/2022 11:00,0
8/6/2022 11:30,0
8/6/2022 12:00,0
8/6/2022 12:30,0
8/6/2022 13:00,0
8/6/2022 13:30,0
8/6/2022 14:00,0
8/6/2022 14:30,0
8/6/2022 15:00,0
8/6/2022 15:30,0
8/6/2022 16:00,0
8/6/2022 16:30,0
8/6/2022 17:00,0
8/6/2022 17:30,0
8/6/2022 18:00,0
8/6/2022 18:30,0
8/6/2022 19:00,0
8/6/2022 19:30,0
8/6/2022 20:00,0
8/6/2022 20:30,0
8/6/2022 21:00,0
8/6/2022 21:30,0
8/6/2022 22:00,0
8/6/2022 22:30,0
8/6/2022 23:00,0
8/6/2022 23:30,0
8/7/2022 0:00,0
8/7/2022 0:30,0
8/7/2022 1:00,0
8/7/2022 1:30,0
8/7/2022 2:00,0
8/7/2022 2:30,0
8/7/2022 3:00,0
8/7/2022 3:30,0
8/7/2022 4:00,0
8/7/2022 4:30,0
8/7/2022 5:00,0
8/7/2022 5:30,0
8/7/2022 6:00,0
8/7/2022 6:30,0
8/7/2022 7:00,0
8/7/2022 7:30,0
8/7/2022 8:00,0
8/7/2022 8:30,0
8/7/2022 9:00,0
8/7/2022 9:30,0
8/7/2022 10:00,0
8/7/2022 10:30,0
8/7/2022 11:00,0
8/7/2022 11:30,0
8/7/2022 12:00,0
8/7/2022 12:30,0
8/7/2022 13:00,0
8/7/2022 13:30,0
8/7/2022 14:00,0
8/7/2022 14:30,0.1
8/7/2022 15:00,0.1
8/7/2022 15:30,0
8/7/2022 16:00,0
8/7/2022 16:30,0
8/7/2022 17:00,0
8/7/2022 17:30,0
8/7/2022 18:00,0
8/7/2022 18:30,0
8/7/2022 19:00,0
8/7/2022 19:30,0
8/7/2022 20:00,0
8/7/2022 20:30,0
8/7/2022 21:00,0
8/7/2022 21:30,0
8/7/2022 22:00,0
8/7/2022 22:30,0
8/7/2022 23:00,0
8/7/2022 23:30,0
8/8/2022 0:00,0
8/8/2022 0:30,0
8/8/2022 1:00,0
8/8/2022 1:30,0
8/8/2022 2:00,0
8/8/2022 2:30,0
8/8/2022 3:00,0
8/8/2022 3:30,0
8/8/2022 4:00,0
8/8/2022 4:30,0
8/8/2022 5:00,0
8/8/2022 5:30,0
8/8/2022 6:00,0
8/8/2022 6:30,0
8/8/2022 7:00,0
8/8/2022 7:30,0
8/8/2022 8:00,0
8/8/2022 8:30,0
8/8/2022 9:00,0
8/8/2022 9:30,0
8/8/2022 10:00,0
8/8/2022 10:30,0
8/8/2022 11:00,0
8/8/2022 11:30,0
8/8/2022 12:00,0
8/8/2022 12:30,0
8/8/2022 13:00,0
8/8/2022 13:30,0
8/8/2022 14:00,0
8/8/2022 14:30,0
8/8/2022 15:00,0
8/8/2022 15:30,0
8/8/2022 16:00,0
8/8/2022 16:30,0
8/8/2022 17:00,0
8/8/2022 17:30,0
8/8/2022 18:00,0
8/8/2022 18:30,0
8/8/2022 19:00,0
8/8/2022 19:30,0
8/8/2022 20:00,0
8/8/2022 20:30,0
8/8/2022 21:00,0
8/8/2022 21:30,0
8/8/2022 22:00,0
8/8/2022 22:30,0
8/8/2022 23:00,0
8/8/2022 23:30,0
8/9/2022 0:00,0
8/9/2022 0:30,0
8/9/2022 1:00,0
8/9/2022 1:30,0
8/9/2022 2:00,0
8/9/2022 2:30,0
8/9/2022 3:00,0
8/9/2022 3:30,0
8/9/2022 4:00,0
8/9/2022 4:30,0
8/9/2022 5:00,0
8/9/2022 5:30,0
8/9/2022 6:00,0
8/9/2022 6:30,0
8/9/2022 7:00,0
8/9/2022 7:30,0
8/9/2022 8:00,0
8/9/2022 8:30,0
8/9/2022 9:00,0
8/9/2022 9:30,0
8/9/2022 10:00,0
8/9/2022 10:30,0
8/9/2022 11:00,0
8/9/2022 11:30,0
8/9/2022 12:00,0
8/9/2022 12:30,0
8/9/2022 13:00,0
8/9/2022 13:30,0
8/9/2022 14:00,0
8/9/2022 14:30,0
8/9/2022 15:00,1.3
8/9/2022 15:30,1.5
8/9/2022 16:00,0
8/9/2022 16:30,0
8/9/2022 17:00,0
8/9/2022 17:30,0
8/9/2022 18:00,0
8/9/2022 18:30,0
8/9/2022 19:00,0
8/9/2022 19:30,0
8/9/2022 20:00,0
8/9/2022 20:30,0
8/9/2022 21:00,0
8/9/2022 21:30,0
8/9/2022 22:00,0
8/9/2022 22:30,0
8/9/2022 23:00,0
8/9/2022 23:30,0
8/10/2022 0:00,0
8/10/2022 0:30,0
8/10/2022 1:00,0
8/10/2022 1:30,0
8/10/2022 2:00,0
8/10/2022 2:30,0
8/10/2022 3:00,0
8/10/2022 3:30,0
8/10/2022 4:00,0
8/10/2022 4:30,0
8/10/2022 5:00,0
8/10/2022 5:30,0
8/10/2022 6:00,0
8/10/2022 6:30,0
8/10/2022 7:00,0
8/10/2022 7:30,0
8/10/2022 8:00,0
8/10/2022 8:30,0
8/10/2022 9:00,0
8/10/2022 9:30,0
8/10/2022 10:00,0
8/10/2022 10:30,0
8/10/2022 11:00,0
8/10/2022 11:30,0
8/10/2022 12:00,0
8/10/2022 12:30,0
8/10/2022 13:00,0
8/10/2022 13:30,0
8/10/2022 14:00,0
8/10/2022 14:30,0
8/10/2022 15:00,0
8/10/2022 15:30,0
8/10/2022 16:00,0
8/10/2022 16:30,0
8/10/2022 17:00,0
8/10/2022 17:30,0
8/10/2022 18:00,0
8/10/2022 18:30,0
8/10/2022 19:00,0
8/10/2022 19:30,0
8/10/2022 20:00,0
8/10/2022 20:30,0
8/10/2022 21:00,0
8/10/2022 21:30,0
8/10/2022 22:00,0
8/10/2022 22:30,0
8/10/2022 23:00,0
8/10/2022 23:30,0
8/11/2022 0:00,0
8/11/2022 0:30,0
8/11/2022 1:00,0
8/11/2022 1:30,0
8/11/2022 2:00,0
8/11/2022 2:30,0
8/11/2022 3:00,0
8/11/2022 3:30,0
8/11/2022 4:00,0
8/11/2022 4:30,0
8/11/2022 5:00,0
8/11/2022 5:30,0
8/11/2022 6:00,0
8/11/2022 6:30,0
8/11/2022 7:00,0
8/11/2022 7:30,0
8/11/2022 8:00,0
8/11/2022 8:30,0
8/11/2022 9:00,0
8/11/2022 9:30,0
8/11/2022 10:00,0
8/11/2022 10:30,0
8/11/2022 11:00,0
8/11/2022 11:30,0
8/11/2022 12:00,0
8/11/2022 12:30,0
8/11/2022 13:00,0
8/11/2022 13:30,0
8/11/2022 14:00,0
8/11/2022 14:30,4.6
8/11/2022 15:00,0
8/11/2022 15:30,0
8/11/2022 16:00,0
8/11/2022 16:30,0
8/11/2022 17:00,0
8/11/2022 17:30,0
8/11/2022 18:00,0
8/11/2022 18:30,0
8/11/2022 19:00,0
8/11/2022 19:30,0
8/11/2022 20:00,0
8/11/2022 20:30,0
8/11/2022 21:00,0
8/11/2022 21:30,0
8/11/2022 22:00,0
8/11/2022 22:30,0
8/11/2022 23:00,0
8/11/2022 23:30,0
8/12/2022 0:00,0
8/12/2022 0:30,0
8/12/2022 1:00,0
8/12/2022 1:30,0
8/12/2022 2:00,0
8/12/2022 2:30,0
8/12/2022 3:00,0
8/12/2022 3:30,0
8/12/2022 4:00,0
8/12/2022 4:30,0
8/12/2022 5:00,0
8/12/2022 5:30,0
8/12/2022 6:00,0
8/12/2022 6:30,0
8/12/2022 7:00,0
8/12/2022 7:30,0
8/12/2022 8:00,0
8/12/2022 8:30,0
8/12/2022 9:00,0
8/12/2022 9:30,0
8/12/2022 10:00,0
8/12/2022 10:30,0
8/12/2022 11:00,0
8/12/2022 11:30,0
8/12/2022 12:00,0
8/12/2022 12:30,0
8/12/2022 13:00,0
8/12/2022 13:30,0
8/12/2022 14:00,0
8/12/2022 14:30,0
8/12/2022 15:00,0
8/12/2022 15:30,0
8/12/2022 16:00,0
8/12/2022 16:30,0
8/12/2022 17:00,0
8/12/2022 17:30,0
8/12/2022 18:00,0
8/12/2022 18:30,0
8/12/2022 19:00,0
8/12/2022 19:30,0
8/12/2022 20:00,0
8/12/2022 20:30,0
8/12/2022 21:00,0
8/12/2022 21:30,0
8/12/2022 22:00,0
8/12/2022 22:30,0
8/12/2022 23:00,0
8/12/2022 23:30,0
8/13/2022 0:00,0
8/13/2022 0:30,0
8/13/2022 1:00,0
8/13/2022 1:30,0
8/13/2022 2:00,0
8/13/2022 2:30,0
8/13/2022 3:00,0
8/13/2022 3:30,0
8/13/2022 4:00,0
8/13/2022 4:30,0
8/13/2022 5:00,0
8/13/2022 5:30,0
8/13/2022 6:00,0
8/13/2022 6:30,0
8/13/2022 7:00,0
8/13/2022 7:30,0
8/13/2022 8:00,0
8/13/2022 8:30,0
8/13/2022 9:00,0
8/13/2022 9:30,0
8/13/2022 10:00,0
8/13/2022 10:30,0
8/13/2022 11:00,0
8/13/2022 11:30,0
8/13/2022 12:00,0
8/13/2022 12:30,0
8/13/2022 13:00,0
8/13/2022 13:30,0
8/13/2022 14:00,0
8/13/2022 14:30,0
8/13/2022 15:00,0
8/13/2022 15:30,0
8/13/2022 16:00,0
8/13/2022 16:30,0
8/13/2022 17:00,0
8/13/2022 17:30,0
8/13/2022 18:00,0
8/13/2022 18:30,0
8/13/2022 19:00,0
8/13/2022 19:30,0
8/13/2022 20:00,0
8/13/2022 20:30,0
8/13/2022 21:00,0
8/13/2022 21:30,0
8/13/2022 22:00,0
8/13/2022 22:30,0
8/13/2022 23:00,0
8/13/2022 23:30,0
8/14/2022 0:00,0
8/14/2022 0:30,0
8/14/2022 1:00,0
8/14/2022 1:30,0
8/14/2022 2:00,0
8/14/2022 2:30,0
8/14/2022 3:00,0
8/14/2022 3:30,0
8/14/2022 4:00,0
8/14/2022 4:30,0
8/14/2022 5:00,0
8/14/2022 5:30,0
8/14/2022 6:00,0
8/14/2022 6:30,0
8/14/2022 7:00,0
8/14/2022 7:30,0
8/14/2022 8:00,0
8/14/2022 8:30,0
8/14/2022 9:00,0
8/14/2022 9:30,0
8/14/2022 10:00,0
8/14/2022 10:30,0
8/14/2022 11:00,0
8/14/2022 11:30,0
8/14/2022 12:00,0
8/14/2022 12:30,0
8/14/2022 13:00,0
8/14/2022 13:30,0
8/14/2022 14:00,0
8/14/2022 14:30,0
8/14/2022 15:00,0
8/14/2022 15:30,0
8/14/2022 16:00,0
8/14/2022 16:30,0
8/14/2022 17:00,0
8/14/2022 17:30,0
8/14/2022 18:00,0
8/14/2022 18:30,0
8/14/2022 19:00,0
8/14/2022 19:30,0
8/14/2022 20:00,0
8/14/2022 20:30,0
8/14/2022 21:00,0
8/14/2022 21:30,0
8/14/2022 22:00,0
8/14/2022 22:30,0
8/14/2022 23:00,0
8/14/2022 23:30,0
8/15/2022 0:00,0
8/15/2022 0:30,0
8/15/2022 1:00,0
8/15/2022 1:30,0
8/15/2022 2:00,0
8/15/2022 2:30,0
8/15/2022 3:00,0
8/15/2022 3:30,0
8/15/2022 4:00,0
8/15/2022 4:30,0
8/15/2022 5:00,0
8/15/2022 5:30,0
8/15/2022 6:00,0
8/15/2022 6:30,0
8/15/2022 7:00,0
8/15/2022 7:30,0
8/15/2022 8:00,0
8/15/2022 8:30,0
8/15/2022 9:00,0
8/15/2022 9:30,0
8/15/2022 10:00,0
8/15/2022 10:30,0
8/15/2022 11:00,0
8/15/2022 11:30,0
8/15/2022 12:00,0
8/15/2022 12:30,0
8/15/2022 13:00,0
8/15/2022 13:30,0
8/15/2022 14:00,0
8/15/2022 14:30,0
8/15/2022 15:00,0
8/15/2022 15:30,0
8/15/2022 16:00,0
8/15/2022 16:30,0
8/15/2022 17:00,0
8/15/2022 17:30,0
8/15/2022 18:00,0
8/15/2022 18:30,0
8/15/2022 19:00,0
8/15/2022 19:30,0
8/15/2022 20:00,0
8/15/2022 20:30,0
8/15/2022 21:00,0
8/15/2022 21:30,0
8/15/2022 22:00,0
8/15/2022 22:30,0
8/15/2022 23:00,0
8/15/2022 23:30,0
8/16/2022 0:00,0
8/16/2022 0:30,0
8/16/2022 1:00,0
8/16/2022 1:30,0
8/16/2022 2:00,0
8/16/2022 2:30,0
8/16/2022 3:00,0
8/16/2022 3:30,0
8/16/2022 4:00,0
8/16/2022 4:30,0
8/16/2022 5:00,0
8/16/2022 5:30,0
8/16/2022 6:00,0
8/16/2022 6:30,0
8/16/2022 7:00,0
8/16/2022 7:30,0
8/16/2022 8:00,0
8/16/2022 8:30,0
8/16/2022 9:00,0
8/16/2022 9:30,0
8/16/2022 10:00,0
8/16/2022 10:30,0
8/16/2022 11:00,0
8/16/2022 11:30,0
8/16/2022 12:00,0
8/16/2022 12:30,0
8/16/2022 13:00,0
8/16/2022 13:30,0
8/16/2022 14:00,0
8/16/2022 14:30,0.2
8/16/2022 15:00,0
8/16/2022 15:30,0
8/16/2022 16:00,0
8/16/2022 16:30,0
8/16/2022 17:00,0
8/16/2022 17:30,0
8/16/2022 18:00,0
8/16/2022 18:30,0
8/16/2022 19:00,0
8/16/2022 19:30,0
8/16/2022 20:00,0
8/16/2022 20:30,0
8/16/2022 21:00,0
8/16/2022 21:30,0
8/16/2022 22:00,0
8/16/2022 22:30,0
8/16/2022 23:00,0
8/16/2022 23:30,0
8/17/2022 0:00,0
8/17/2022 0:30,0
8/17/2022 1:00,0
8/17/2022 1:30,0.6
8/17/2022 2:00,4.5
8/17/2022 2:30,1.7
8/17/2022 3:00,1.6
8/17/2022 3:30,3.4
8/17/2022 4:00,3.5
8/17/2022 4:30,5.4
8/17/2022 5:00,3.7
8/17/2022 5:30,3.1
8/17/2022 6:00,2.8
8/17/2022 6:30,1.4
8/17/2022 7:00,2.8
8/17/2022 7:30,1.6
8/17/2022 8:00,0.2
8/17/2022 8:30,0.1
8/17/2022 9:00,0.6
8/17/2022 9:30,0.4
8/17/2022 10:00,0.1
8/17/2022 10:30,0
8/17/2022 11:00,0
8/17/2022 11:30,0
8/17/2022 12:00,0
8/17/2022 12:30,0
8/17/2022 13:00,0
8/17/2022 13:30,0
8/17/2022 14:00,0
8/17/2022 14:30,0
8/17/2022 15:00,0
8/17/2022 15:30,0
8/17/2022 16:00,0
8/17/2022 16:30,0
8/17/2022 17:00,0.2
8/17/2022 17:30,0.2
8/17/2022 18:00,0.6
8/17/2022 18:30,0.1
8/17/2022 19:00,0
8/17/2022 19:30,0.1
8/17/2022 20:00,0
8/17/2022 20:30,0
8/17/2022 21:00,0
8/17/2022 21:30,0
8/17/2022 22:00,0
8/17/2022 22:30,0
8/17/2022 23:00,0
8/17/2022 23:30,0
8/18/2022 0:00,0
8/18/2022 0:30,0
8/18/2022 1:00,0
8/18/2022 1:30,0
8/18/2022 2:00,0
8/18/2022 2:30,0
8/18/2022 3:00,0
8/18/2022 3:30,0
8/18/2022 4:00,0
8/18/2022 4:30,0
8/18/2022 5:00,0
8/18/2022 5:30,0
8/18/2022 6:00,0
8/18/2022 6:30,0
8/18/2022 7:00,0
8/18/2022 7:30,0
8/18/2022 8:00,0
8/18/2022 8:30,1.2
8/18/2022 9:00,1.2
8/18/2022 9:30,1.4
8/18/2022 10:00,0.4
8/18/2022 10:30,0.1
8/18/2022 11:00,0
8/18/2022 11:30,0
8/18/2022 12:00,0
8/18/2022 12:30,0
8/18/2022 13:00,0
8/18/2022 13:30,0
8/18/2022 14:00,0
8/18/2022 14:30,0
8/18/2022 15:00,0
8/18/2022 15:30,0
8/18/2022 16:00,0
8/18/2022 16:30,0
8/18/2022 17:00,0
8/18/2022 17:30,0
8/18/2022 18:00,0
8/18/2022 18:30,0
8/18/2022 19:00,0
8/18/2022 19:30,0
8/18/2022 20:00,0
8/18/2022 20:30,0
8/18/2022 21:00,0
8/18/2022 21:30,0
8/18/2022 22:00,0
8/18/2022 22:30,0
8/18/2022 23:00,0
8/18/2022 23:30,0
8/19/2022 0:00,0
8/19/2022 0:30,0
8/19/2022 1:00,0
8/19/2022 1:30,0
8/19/2022 2:00,0
8/19/2022 2:30,0
8/19/2022 3:00,0
8/19/2022 3:30,0
8/19/2022 4:00,0
8/19/2022 4:30,0
8/19/2022 5:00,0
8/19/2022 5:30,0.6
8/19/2022 6:00,0
8/19/2022 6:30,0.1
8/19/2022 7:00,0
8/19/2022 7:30,0
8/19/2022 8:00,0.1
8/19/2022 8:30,0
8/19/2022 9:00,0
8/19/2022 9:30,0
8/19/2022 10:00,0
8/19/2022 10:30,0
8/19/2022 11:00,0
8/19/2022 11:30,0
8/19/2022 12:00,0
8/19/2022 12:30,0
8/19/2022 13:00,0
8/19/2022 13:30,0
8/19/2022 14:00,0
8/19/2022 14:30,0
8/19/2022 15:00,0
8/19/2022 15:30,0
8/19/2022 16:00,0
8/19/2022 16:30,0
8/19/2022 17:00,0
8/19/2022 17:30,0
8/19/2022 18:00,0
8/19/2022 18:30,0
8/19/2022 19:00,0.5
8/19/2022 19:30,0.4
8/19/2022 20:00,0
8/19/2022 20:30,0
8/19/2022 21:00,0
8/19/2022 21:30,0.6
8/19/2022 22:00,0
8/19/2022 22:30,0
8/19/2022 23:00,0
8/19/2022 23:30,0.9
8/20/2022 0:00,0
8/20/2022 0:30,0
8/20/2022 1:00,0
8/20/2022 1:30,0
8/20/2022 2:00,0
8/20/2022 2:30,0
8/20/2022 3:00,0
8/20/2022 3:30,0.3
8/20/2022 4:00,1
8/20/2022 4:30,0.5
8/20/2022 5:00,0
8/20/2022 5:30,0.1
8/20/2022 6:00,0.2
8/20/2022 6:30,2.6
8/20/2022 7:00,1.1
8/20/2022 7:30,0
8/20/2022 8:00,0.7
8/20/2022 8:30,0.5
8/20/2022 9:00,0
8/20/2022 9:30,0
8/20/2022 10:00,0
8/20/2022 10:30,0
8/20/2022 11:00,0
8/20/2022 11:30,0
8/20/2022 12:00,0
8/20/2022 12:30,0
8/20/2022 13:00,6.1
8/20/2022 13:30,3.4
8/20/2022 14:00,0
8/20/2022 14:30,0
8/20/2022 15:00,0
8/20/2022 15:30,0
8/20/2022 16:00,0
8/20/2022 16:30,0
8/20/2022 17:00,0
8/20/2022 17:30,0
8/20/2022 18:00,0
8/20/2022 18:30,0
8/20/2022 19:00,0
8/20/2022 19:30,0
8/20/2022 20:00,0
8/20/2022 20:30,0
8/20/2022 21:00,0
8/20/2022 21:30,1.4
8/20/2022 22:00,1.1
8/20/2022 22:30,1.1
8/20/2022 23:00,0.6
8/20/2022 23:30,0.2
8/21/2022 0:00,0.1
8/21/2022 0:30,0
8/21/2022 1:00,0
8/21/2022 1:30,0
8/21/2022 2:00,0
8/21/2022 2:30,0
8/21/2022 3:00,0
8/21/2022 3:30,0.1
8/21/2022 4:00,0
8/21/2022 4:30,0
8/21/2022 5:00,0
8/21/2022 5:30,0
8/21/2022 6:00,0
8/21/2022 6:30,0
8/21/2022 7:00,0
8/21/2022 7:30,0
8/21/2022 8:00,0
8/21/2022 8:30,0
8/21/2022 9:00,0
8/21/2022 9:30,0
8/21/2022 10:00,0
8/21/2022 10:30,0
8/21/2022 11:00,0
8/21/2022 11:30,0
8/21/2022 12:00,0
8/21/2022 12:30,0
8/21/2022 13:00,0
8/21/2022 13:30,0
8/21/2022 14:00,0
8/21/2022 14:30,0
8/21/2022 15:00,0
8/21/2022 15:30,0
8/21/2022 16:00,0.3
8/21/2022 16:30,0
8/21/2022 17:00,0
8/21/2022 17:30,0
8/21/2022 18:00,0
8/21/2022 18:30,0.1
8/21/2022 19:00,0.3
8/21/2022 19:30,0
8/21/2022 20:00,0
8/21/2022 20:30,0
8/21/2022 21:00,0
8/21/2022 21:30,0
8/21/2022 22:00,0
8/21/2022 22:30,0
8/21/2022 23:00,0
8/21/2022 23:30,0
8/22/2022 0:00,0
8/22/2022 0:30,0
8/22/2022 1:00,0
8/22/2022 1:30,0
8/22/2022 2:00,0
8/22/2022 2:30,0
8/22/2022 3:00,0
8/22/2022 3:30,0
8/22/2022 4:00,0
8/22/2022 4:30,0
8/22/2022 5:00,0
8/22/2022 5:30,0
8/22/2022 6:00,0
8/22/2022 6:30,0
8/22/2022 7:00,0
8/22/2022 7:30,0
8/22/2022 8:00,0
8/22/2022 8:30,0
8/22/2022 9:00,0
8/22/2022 9:30,0
8/22/2022 10:00,0
8/22/2022 10:30,0
8/22/2022 11:00,0
8/22/2022 11:30,0
8/22/2022 12:00,0
8/22/2022 12:30,0
8/22/2022 13:00,0
8/22/2022 13:30,0
8/22/2022 14:00,0
8/22/2022 14:30,0
8/22/2022 15:00,0
8/22/2022 15:30,0
8/22/2022 16:00,0
8/22/2022 16:30,0
8/22/2022 17:00,0
8/22/2022 17:30,0
8/22/2022 18:00,0
8/22/2022 18:30,0
8/22/2022 19:00,0
8/22/2022 19:30,0
8/22/2022 20:00,0
8/22/2022 20:30,0
8/22/2022 21:00,0
8/22/2022 21:30,0
8/22/2022 22:00,0
8/22/2022 22:30,0
8/22/2022 23:00,0
8/22/2022 23:30,0
8/23/2022 0:00,0
8/23/2022 0:30,0
8/23/2022 1:00,0
8/23/2022 1:30,0
8/23/2022 2:00,0
8/23/2022 2:30,0
8/23/2022 3:00,0
8/23/2022 3:30,0
8/23/2022 4:00,0
8/23/2022 4:30,0
8/23/2022 5:00,0
8/23/2022 5:30,0
8/23/2022 6:00,0
8/23/2022 6:30,0
8/23/2022 7:00,0
8/23/2022 7:30,0
8/23/2022 8:00,0
8/23/2022 8:30,0
8/23/2022 9:00,0
8/23/2022 9:30,0
8/23/2022 10:00,0
8/23/2022 10:30,0
8/23/2022 11:00,0
8/23/2022 11:30,0
8/23/2022 12:00,0
8/23/2022 12:30,0
8/23/2022 13:00,0
8/23/2022 13:30,0
8/23/2022 14:00,0
8/23/2022 14:30,0
8/23/2022 15:00,0
8/23/2022 15:30,0
8/23/2022 16:00,0
8/23/2022 16:30,0
8/23/2022 17:00,0
8/23/2022 17:30,0
8/23/2022 18:00,0
8/23/2022 18:30,0
8/23/2022 19:00,0
8/23/2022 19:30,0
8/23/2022 20:00,0
8/23/2022 20:30,0
8/23/2022 21:00,0
8/23/2022 21:30,0
8/23/2022 22:00,0
8/23/2022 22:30,0
8/23/2022 23:00,0
8/23/2022 23:30,0
8/24/2022 0:00,0
8/24/2022 0:30,0
8/24/2022 1:00,0
8/24/2022 1:30,0
8/24/2022 2:00,0
8/24/2022 2:30,0
8/24/2022 3:00,0
8/24/2022 3:30,0
8/24/2022 4:00,0
8/24/2022 4:30,0
8/24/2022 5:00,0
8/24/2022 5:30,0
8/24/2022 6:00,0
8/24/2022 6:30,0
8/24/2022 7:00,0
8/24/2022 7:30,0
8/24/2022 8:00,0
8/24/2022 8:30,0
8/24/2022 9:00,0
8/24/2022 9:30,0
8/24/2022 10:00,0
8/24/2022 10:30,0
8/24/2022 11:00,0
8/24/2022 11:30,0
8/24/2022 12:00,10.8
8/24/2022 12:30,2.9
8/24/2022 13:00,0
8/24/2022 13:30,0
8/24/2022 14:00,0
8/24/2022 14:30,0
8/24/2022 15:00,0
8/24/2022 15:30,0
8/24/2022 16:00,0
8/24/2022 16:30,0
8/24/2022 17:00,0
8/24/2022 17:30,0
8/24/2022 18:00,0
8/24/2022 18:30,0
8/24/2022 19:00,0
8/24/2022 19:30,0
8/24/2022 20:00,0
8/24/2022 20:30,0
8/24/2022 21:00,0
8/24/2022 21:30,0
8/24/2022 22:00,0
8/24/2022 22:30,0
8/24/2022 23:00,0
8/24/2022 23:30,0
8/25/2022 0:00,0
8/25/2022 0:30,0
8/25/2022 1:00,0
8/25/2022 1:30,0
8/25/2022 2:00,0
8/25/2022 2:30,0
8/25/2022 3:00,0
8/25/2022 3:30,0
8/25/2022 4:00,0
8/25/2022 4:30,0
8/25/2022 5:00,0
8/25/2022 5:30,0
8/25/2022 6:00,0
8/25/2022 6:30,0
8/25/2022 7:00,0
8/25/2022 7:30,0
8/25/2022 8:00,0
8/25/2022 8:30,0
8/25/2022 9:00,0
8/25/2022 9:30,0
8/25/2022 10:00,0
8/25/2022 10:30,0
8/25/2022 11:00,0
8/25/2022 11:30,0
8/25/2022 12:00,0
8/25/2022 12:30,0
8/25/2022 13:00,0
8/25/2022 13:30,0
8/25/2022 14:00,0
8/25/2022 14:30,0
8/25/2022 15:00,0
8/25/2022 15:30,0
8/25/2022 16:00,0
8/25/2022 16:30,0
8/25/2022 17:00,0
8/25/2022 17:30,0
8/25/2022 18:00,0
8/25/2022 18:30,0
8/25/2022 19:00,0
8/25/2022 19:30,0
8/25/2022 20:00,0
8/25/2022 20:30,0
8/25/2022 21:00,0
8/25/2022 21:30,0
8/25/2022 22:00,0
8/25/2022 22:30,0
8/25/2022 23:00,0
8/25/2022 23:30,0
8/26/2022 0:00,0
8/26/2022 0:30,0
8/26/2022 1:00,0
8/26/2022 1:30,0
8/26/2022 2:00,0
8/26/2022 2:30,0
8/26/2022 3:00,0
8/26/2022 3:30,0
8/26/2022 4:00,0
8/26/2022 4:30,0
8/26/2022 5:00,0
8/26/2022 5:30,0
8/26/2022 6:00,0
8/26/2022 6:30,0
8/26/2022 7:00,0
8/26/2022 7:30,0
8/26/2022 8:00,0
8/26/2022 8:30,0
8/26/2022 9:00,0
8/26/2022 9:30,0
8/26/2022 10:00,0
8/26/2022 10:30,0
8/26/2022 11:00,0
8/26/2022 11:30,0
8/26/2022 12:00,0
8/26/2022 12:30,0
8/26/2022 13:00,0
8/26/2022 13:30,0
8/26/2022 14:00,0
8/26/2022 14:30,0
8/26/2022 15:00,0
8/26/2022 15:30,0
8/26/2022 16:00,0
8/26/2022 16:30,0
8/26/2022 17:00,0
8/26/2022 17:30,0
8/26/2022 18:00,0
8/26/2022 18:30,0
8/26/2022 19:00,0
8/26/2022 19:30,0
8/26/2022 20:00,0
8/26/2022 20:30,0
8/26/2022 21:00,0
8/26/2022 21:30,0
8/26/2022 22:00,0
8/26/2022 22:30,0
8/26/2022 23:00,0
8/26/2022 23:30,0
8/27/2022 0:00,0
8/27/2022 0:30,0
8/27/2022 1:00,0
8/27/2022 1:30,0
8/27/2022 2:00,0
8/27/2022 2:30,0
8/27/2022 3:00,0
8/27/2022 3:30,0
8/27/2022 4:00,0
8/27/2022 4:30,0
8/27/2022 5:00,0
8/27/2022 5:30,0
8/27/2022 6:00,0
8/27/2022 6:30,0
8/27/2022 7:00,0
8/27/2022 7:30,0
8/27/2022 8:00,0
8/27/2022 8:30,0
8/27/2022 9:00,0
8/27/2022 9:30,0
8/27/2022 10:00,0
8/27/2022 10:30,0
8/27/2022 11:00,0
8/27/2022 11:30,0
8/27/2022 12:00,0
8/27/2022 12:30,0
8/27/2022 13:00,0
8/27/2022 13:30,0
8/27/2022 14:00,0
8/27/2022 14:30,0
8/27/2022 15:00,0
8/27/2022 15:30,0
8/27/2022 16:00,0
8/27/2022 16:30,0
8/27/2022 17:00,0
8/27/2022 17:30,0
8/27/2022 18:00,0
8/27/2022 18:30,0
8/27/2022 19:00,0
8/27/2022 19:30,0
8/27/2022 20:00,0
8/27/2022 20:30,0
8/27/2022 21:00,0
8/27/2022 21:30,0
8/27/2022 22:00,0
8/27/2022 22:30,0
8/27/2022 23:00,0
8/27/2022 23:30,0
8/28/2022 0:00,0
8/28/2022 0:30,0
8/28/2022 1:00,0
8/28/2022 1:30,0
8/28/2022 2:00,0
8/28/2022 2:30,0
8/28/2022 3:00,0
8/28/2022 3:30,0
8/28/2022 4:00,0
8/28/2022 4:30,0
8/28/2022 5:00,0
8/28/2022 5:30,0
8/28/2022 6:00,0
8/28/2022 6:30,0
8/28/2022 7:00,0
8/28/2022 7:30,0
8/28/2022 8:00,0
8/28/2022 8:30,0
8/28/2022 9:00,0
8/28/2022 9:30,0
8/28/2022 10:00,0
8/28/2022 10:30,0
8/28/2022 11:00,0
8/28/2022 11:30,0
8/28/2022 12:00,0
8/28/2022 12:30,0
8/28/2022 13:00,0
8/28/2022 13:30,0
8/28/2022 14:00,0
8/28/2022 14:30,0
8/28/2022 15:00,0
8/28/2022 15:30,0
8/28/2022 16:00,0
8/28/2022 16:30,0
8/28/2022 17:00,0
8/28/2022 17:30,0
8/28/2022 18:00,0
8/28/2022 18:30,0
8/28/2022 19:00,0
8/28/2022 19:30,0
8/28/2022 20:00,0
8/28/2022 20:30,0
8/28/2022 21:00,0
8/28/2022 21:30,0
8/28/2022 22:00,0
8/28/2022 22:30,0
8/28/2022 23:00,0
8/28/2022 23:30,0
8/29/2022 0:00,0
8/29/2022 0:30,0
8/29/2022 1:00,0
8/29/2022 1:30,0
8/29/2022 2:00,0
8/29/2022 2:30,0
8/29/2022 3:00,0
8/29/2022 3:30,0
8/29/2022 4:00,0
8/29/2022 4:30,0
8/29/2022 5:00,0
8/29/2022 5:30,0
8/29/2022 6:00,0
8/29/2022 6:30,0
8/29/2022 7:00,0
8/29/2022 7:30,0
8/29/2022 8:00,0
8/29/2022 8:30,0
8/29/2022 9:00,0
8/29/2022 9:30,0
8/29/2022 10:00,0
8/29/2022 10:30,0
8/29/2022 11:00,0
8/29/2022 11:30,0
8/29/2022 12:00,0
8/29/2022 12:30,0
8/29/2022 13:00,0
8/29/2022 13:30,0
8/29/2022 14:00,0
8/29/2022 14:30,0
8/29/2022 15:00,0
8/29/2022 15:30,0
8/29/2022 16:00,0
8/29/2022 16:30,0
8/29/2022 17:00,2.3
8/29/2022 17:30,0
8/29/2022 18:00,0
8/29/2022 18:30,0
8/29/2022 19:00,0
8/29/2022 19:30,0
8/29/2022 20:00,0
8/29/2022 20:30,0
8/29/2022 21:00,0
8/29/2022 21:30,0
8/29/2022 22:00,0
8/29/2022 22:30,0
8/29/2022 23:00,0
8/29/2022 23:30,0
8/30/2022 0:00,0
8/30/2022 0:30,0
8/30/2022 1:00,0
8/30/2022 1:30,0
8/30/2022 2:00,0
8/30/2022 2:30,0
8/30/2022 3:00,0
8/30/2022 3:30,0
8/30/2022 4:00,0
8/30/2022 4:30,0
8/30/2022 5:00,0
8/30/2022 5:30,0
8/30/2022 6:00,0
8/30/2022 6:30,0
8/30/2022 7:00,0
8/30/2022 7:30,0
8/30/2022 8:00,0
8/30/2022 8:30,0
8/30/2022 9:00,0
8/30/2022 9:30,0
8/30/2022 10:00,0
8/30/2022 10:30,0
8/30/2022 11:00,0
8/30/2022 11:30,0
8/30/2022 12:00,0
8/30/2022 12:30,0
8/30/2022 13:00,0
8/30/2022 13:30,0
8/30/2022 14:00,0
8/30/2022 14:30,0
8/30/2022 15:00,0
8/30/2022 15:30,0
8/30/2022 16:00,0
8/30/2022 16:30,0
8/30/2022 17:00,0
8/30/2022 17:30,0
8/30/2022 18:00,0
8/30/2022 18:30,0
8/30/2022 19:00,0
8/30/2022 19:30,0
8/30/2022 20:00,0
8/30/2022 20:30,0
8/30/2022 21:00,0
8/30/2022 21:30,0
8/30/2022 22:00,0
8/30/2022 22:30,0
8/30/2022 23:00,0
8/30/2022 23:30,0
8/31/2022 0:00,0
8/31/2022 0:30,0
8/31/2022 1:00,0
8/31/2022 1:30,0
8/31/2022 2:00,0
8/31/2022 2:30,0
8/31/2022 3:00,0
8/31/2022 3:30,0
8/31/2022 4:00,0
8/31/2022 4:30,0
8/31/2022 5:00,0
8/31/2022 5:30,0
8/31/2022 6:00,0
8/31/2022 6:30,0
8/31/2022 7:00,0
8/31/2022 7:30,0
8/31/2022 8:00,0
8/31/2022 8:30,0
8/31/2022 9:00,0
8/31/2022 9:30,0
8/31/2022 10:00,0
8/31/2022 10:30,0
8/31/2022 11:00,0
8/31/2022 11:30,0
8/31/2022 12:00,0
8/31/2022 12:30,0
8/31/2022 13:00,0
8/31/2022 13:30,0
8/31/2022 14:00,0
8/31/2022 14:30,0
8/31/2022 15:00,0
8/31/2022 15:30,0
8/31/2022 16:00,0
8/31/2022 16:30,0
8/31/2022 17:00,0
8/31/2022 17:30,0
8/31/2022 18:00,0
8/31/2022 18:30,0
8/31/2022 19:00,0
8/31/2022 19:30,0
8/31/2022 20:00,0
8/31/2022 20:30,0
8/31/2022 21:00,0
8/31/2022 21:30,0
8/31/2022 22:00,0
8/31/2022 22:30,0
8/31/2022 23:00,0
8/31/2022 23:30,0
9/1/2022 0:00,0
9/1/2022 0:30,0
9/1/2022 1:00,0
9/1/2022 1:30,0
9/1/2022 2:00,0
9/1/2022 2:30,0
9/1/2022 3:00,0
9/1/2022 3:30,0
9/1/2022 4:00,0
9/1/2022 4:30,0
9/1/2022 5:00,0
9/1/2022 5:30,0
9/1/2022 6:00,0
9/1/2022 6:30,0
9/1/2022 7:00,0
9/1/2022 7:30,0
9/1/2022 8:00,0
9/1/2022 8:30,0
9/1/2022 9:00,0
9/1/2022 9:30,0
9/1/2022 10:00,0
9/1/2022 10:30,0
9/1/2022 11:00,0
9/1/2022 11:30,0
9/1/2022 12:00,0
9/1/2022 12:30,0.2
9/1/2022 13:00,0
9/1/2022 13:30,0
9/1/2022 14:00,0
9/1/2022 14:30,0
9/1/2022 15:00,0
9/1/2022 15:30,0
9/1/2022 16:00,0
9/1/2022 16:30,0
9/1/2022 17:00,0
9/1/2022 17:30,0
9/1/2022 18:00,0
9/1/2022 18:30,0
9/1/2022 19:00,0
9/1/2022 19:30,0
9/1/2022 20:00,0
9/1/2022 20:30,0
9/1/2022 21:00,0
9/1/2022 21:30,0
9/1/2022 22:00,0
9/1/2022 22:30,0
9/1/2022 23:00,0
9/1/2022 23:30,0
9/2/2022 0:00,0
9/2/2022 0:30,0
9/2/2022 1:00,0
9/2/2022 1:30,0
9/2/2022 2:00,0
9/2/2022 2:30,0
9/2/2022 3:00,0
9/2/2022 3:30,0
9/2/2022 4:00,0
9/2/2022 4:30,0
9/2/2022 5:00,0
9/2/2022 5:30,0
9/2/2022 6:00,0
9/2/2022 6:30,0
9/2/2022 7:00,0
9/2/2022 7:30,0
9/2/2022 8:00,0
9/2/2022 8:30,0
9/2/2022 9:00,0
9/2/2022 9:30,0
9/2/2022 10:00,0
9/2/2022 10:30,0
9/2/2022 11:00,0
9/2/2022 11:30,0
9/2/2022 12:00,0
9/2/2022 12:30,0
9/2/2022 13:00,0
9/2/2022 13:30,0
9/2/2022 14:00,0
9/2/2022 14:30,0
9/2/2022 15:00,0
9/2/2022 15:30,0
9/2/2022 16:00,0
9/2/2022 16:30,0
9/2/2022 17:00,0
9/2/2022 17:30,0
9/2/2022 18:00,0
9/2/2022 18:30,0
9/2/2022 19:00,0
9/2/2022 19:30,0
9/2/2022 20:00,0
9/2/2022 20:30,0
9/2/2022 21:00,0
9/2/2022 21:30,0
9/2/2022 22:00,0
9/2/2022 22:30,0
9/2/2022 23:00,0
9/2/2022 23:30,0
9/3/2022 0:00,0
9/3/2022 0:30,0
9/3/2022 1:00,0
9/3/2022 1:30,0
9/3/2022 2:00,0
9/3/2022 2:30,0
9/3/2022 3:00,0
9/3/2022 3:30,0
9/3/2022 4:00,0
9/3/2022 4:30,0
9/3/2022 5:00,0
9/3/2022 5:30,0
9/3/2022 6:00,0
9/3/2022 6:30,0
9/3/2022 7:00,0
9/3/2022 7:30,0
9/3/2022 8:00,0
9/3/2022 8:30,0
9/3/2022 9:00,0
9/3/2022 9:30,0
9/3/2022 10:00,0
9/3/2022 10:30,0
9/3/2022 11:00,0
9/3/2022 11:30,0
9/3/2022 12:00,0
9/3/2022 12:30,0
9/3/2022 13:00,0
9/3/2022 13:30,0
9/3/2022 14:00,0
9/3/2022 14:30,0
9/3/2022 15:00,0
9/3/2022 15:30,0
9/3/2022 16:00,0
9/3/2022 16:30,0
9/3/2022 17:00,0
9/3/2022 17:30,0
9/3/2022 18:00,0
9/3/2022 18:30,0
9/3/2022 19:00,0
9/3/2022 19:30,0
9/3/2022 20:00,0
9/3/2022 20:30,0
9/3/2022 21:00,0
9/3/2022 21:30,0
9/3/2022 22:00,0
9/3/2022 22:30,0
9/3/2022 23:00,0
9/3/2022 23:30,0
9/4/2022 0:00,0
9/4/2022 0:30,0
9/4/2022 1:00,0
9/4/2022 1:30,0
9/4/2022 2:00,0
9/4/2022 2:30,0
9/4/2022 3:00,0
9/4/2022 3:30,0
9/4/2022 4:00,0
9/4/2022 4:30,0
9/4/2022 5:00,0
9/4/2022 5:30,0
9/4/2022 6:00,0
9/4/2022 6:30,0
9/4/2022 7:00,0
9/4/2022 7:30,0
9/4/2022 8:00,0
9/4/2022 8:30,0
9/4/2022 9:00,0
9/4/2022 9:30,0
9/4/2022 10:00,0
9/4/2022 10:30,0
9/4/2022 11:00,0
9/4/2022 11:30,0
9/4/2022 12:00,0
9/4/2022 12:30,0
9/4/2022 13:00,0
9/4/2022 13:30,0
9/4/2022 14:00,0
9/4/2022 14:30,0
9/4/2022 15:00,0
9/4/2022 15:30,0
9/4/2022 16:00,0
9/4/2022 16:30,0
9/4/2022 17:00,0
9/4/2022 17:30,0
9/4/2022 18:00,0
9/4/2022 18:30,0
9/4/2022 19:00,0
9/4/2022 19:30,0
9/4/2022 20:00,0
9/4/2022 20:30,0
9/4/2022 21:00,0
9/4/2022 21:30,0
9/4/2022 22:00,0
9/4/2022 22:30,0
9/4/2022 23:00,0
9/4/2022 23:30,0
9/5/2022 0:00,0
9/5/2022 0:30,0
9/5/2022 1:00,0
9/5/2022 1:30,0
9/5/2022 2:00,0
9/5/2022 2:30,0
9/5/2022 3:00,0
9/5/2022 3:30,0
9/5/2022 4:00,0
9/5/2022 4:30,0
9/5/2022 5:00,0
9/5/2022 5:30,0
9/5/2022 6:00,0
9/5/2022 6:30,0
9/5/2022 7:00,0
9/5/2022 7:30,0
9/5/2022 8:00,0
9/5/2022 8:30,0
9/5/2022 9:00,0
9/5/2022 9:30,0
9/5/2022 10:00,0
9/5/2022 10:30,0
9/5/2022 11:00,0
9/5/2022 11:30,0
9/5/2022 12:00,0
9/5/2022 12:30,0
9/5/2022 13:00,0
9/5/2022 13:30,0
9/5/2022 14:00,0
9/5/2022 14:30,0
9/5/2022 15:00,0
9/5/2022 15:30,0
9/5/2022 16:00,0
9/5/2022 16:30,0
9/5/2022 17:00,0
9/5/2022 17:30,0
9/5/2022 18:00,0
9/5/2022 18:30,0
9/5/2022 19:00,0
9/5/2022 19:30,0
9/5/2022 20:00,0
9/5/2022 20:30,0
9/5/2022 21:00,0
9/5/2022 21:30,0
9/5/2022 22:00,0
9/5/2022 22:30,0
9/5/2022 23:00,0
9/5/2022 23:30,0
9/6/2022 0:00,0
9/6/2022 0:30,0
9/6/2022 1:00,0
9/6/2022 1:30,0
9/6/2022 2:00,0
9/6/2022 2:30,0
9/6/2022 3:00,0
9/6/2022 3:30,0
9/6/2022 4:00,0
9/6/2022 4:30,0
9/6/2022 5:00,0
9/6/2022 5:30,0
9/6/2022 6:00,0
9/6/2022 6:30,0
9/6/2022 7:00,0
9/6/2022 7:30,0
9/6/2022 8:00,0
9/6/2022 8:30,0
9/6/2022 9:00,0
9/6/2022 9:30,0
9/6/2022 10:00,0
9/6/2022 10:30,0
9/6/2022 11:00,0
9/6/2022 11:30,0
9/6/2022 12:00,0
9/6/2022 12:30,0
9/6/2022 13:00,0
9/6/2022 13:30,0
9/6/2022 14:00,0
9/6/2022 14:30,0
9/6/2022 15:00,0
9/6/2022 15:30,0
9/6/2022 16:00,0
9/6/2022 16:30,0
9/6/2022 17:00,0
9/6/2022 17:30,0
9/6/2022 18:00,0
9/6/2022 18:30,0
9/6/2022 19:00,0
9/6/2022 19:30,0
9/6/2022 20:00,0
9/6/2022 20:30,0
9/6/2022 21:00,0
9/6/2022 21:30,0
9/6/2022 22:00,0
9/6/2022 22:30,0
9/6/2022 23:00,0
9/6/2022 23:30,0
9/7/2022 0:00,0
9/7/2022 0:30,0
9/7/2022 1:00,0
9/7/2022 1:30,0
9/7/2022 2:00,0
9/7/2022 2:30,0
9/7/2022 3:00,0
9/7/2022 3:30,0
9/7/2022 4:00,0
9/7/2022 4:30,0
9/7/2022 5:00,0
9/7/2022 5:30,0
9/7/2022 6:00,0
9/7/2022 6:30,0
9/7/2022 7:00,0
9/7/2022 7:30,0
9/7/2022 8:00,0
9/7/2022 8:30,0
9/7/2022 9:00,0
9/7/2022 9:30,0
9/7/2022 10:00,0
9/7/2022 10:30,0
9/7/2022 11:00,0
9/7/2022 11:30,0
9/7/2022 12:00,0
9/7/2022 12:30,0
9/7/2022 13:00,0
9/7/2022 13:30,0
9/7/2022 14:00,0
9/7/2022 14:30,0
9/7/2022 15:00,0
9/7/2022 15:30,0
9/7/2022 16:00,0
9/7/2022 16:30,0
9/7/2022 17:00,0
9/7/2022 17:30,0
9/7/2022 18:00,0
9/7/2022 18:30,0
9/7/2022 19:00,0
9/7/2022 19:30,0
9/7/2022 20:00,0
9/7/2022 20:30,0
9/7/2022 21:00,0
9/7/2022 21:30,0
9/7/2022 22:00,0
9/7/2022 22:30,0
9/7/2022 23:00,0
9/7/2022 23:30,0
9/8/2022 0:00,0
9/8/2022 0:30,0
9/8/2022 1:00,0
9/8/2022 1:30,0
9/8/2022 2:00,0
9/8/2022 2:30,0
9/8/2022 3:00,0
9/8/2022 3:30,0
9/8/2022 4:00,0
9/8/2022 4:30,0
9/8/2022 5:00,0
9/8/2022 5:30,0
9/8/2022 6:00,0
9/8/2022 6:30,0
9/8/2022 7:00,0
9/8/2022 7:30,0
9/8/2022 8:00,0
9/8/2022 8:30,0
9/8/2022 9:00,0
9/8/2022 9:30,0
9/8/2022 10:00,0
9/8/2022 10:30,0
9/8/2022 11:00,0
9/8/2022 11:30,0
9/8/2022 12:00,0
9/8/2022 12:30,0
9/8/2022 13:00,0
9/8/2022 13:30,0
9/8/2022 14:00,0
9/8/2022 14:30,0
9/8/2022 15:00,0
9/8/2022 15:30,0
9/8/2022 16:00,0
9/8/2022 16:30,0
9/8/2022 17:00,0
9/8/2022 17:30,0
9/8/2022 18:00,0
9/8/2022 18:30,0
9/8/2022 19:00,0
9/8/2022 19:30,0
9/8/2022 20:00,0
9/8/2022 20:30,0
9/8/2022 21:00,0
9/8/2022 21:30,0
9/8/2022 22:00,0
9/8/2022 22:30,0
9/8/2022 23:00,0
9/8/2022 23:30,0
9/9/2022 0:00,0
9/9/2022 0:30,0
9/9/2022 1:00,0
9/9/2022 1:30,0
9/9/2022 2:00,0
9/9/2022 2:30,0
9/9/2022 3:00,0
9/9/2022 3:30,0
9/9/2022 4:00,0
9/9/2022 4:30,0
9/9/2022 5:00,0
9/9/2022 5:30,0
9/9/2022 6:00,0
9/9/2022 6:30,0
9/9/2022 7:00,0
9/9/2022 7:30,0
9/9/2022 8:00,0
9/9/2022 8:30,0
9/9/2022 9:00,0
9/9/2022 9:30,0
9/9/2022 10:00,0
9/9/2022 10:30,0
9/9/2022 11:00,0
9/9/2022 11:30,0
9/9/2022 12:00,0
9/9/2022 12:30,0
9/9/2022 13:00,0
9/9/2022 13:30,0
9/9/2022 14:00,0
9/9/2022 14:30,0
9/9/2022 15:00,0
9/9/2022 15:30,0
9/9/2022 16:00,0
9/9/2022 16:30,0
9/9/2022 17:00,0
9/9/2022 17:30,0
9/9/2022 18:00,0
9/9/2022 18:30,0
9/9/2022 19:00,0
9/9/2022 19:30,0
9/9/2022 20:00,0
9/9/2022 20:30,0
9/9/2022 21:00,0
9/9/2022 21:30,0
9/9/2022 22:00,0
9/9/2022 22:30,0
9/9/2022 23:00,0
9/9/2022 23:30,0
9/10/2022 0:00,0
9/10/2022 0:30,0
9/10/2022 1:00,0
9/10/2022 1:30,0
9/10/2022 2:00,0
9/10/2022 2:30,0
9/10/2022 3:00,0
9/10/2022 3:30,0
9/10/2022 4:00,0
9/10/2022 4:30,0
9/10/2022 5:00,0
9/10/2022 5:30,0
9/10/2022 6:00,0
9/10/2022 6:30,0
9/10/2022 7:00,0
9/10/2022 7:30,0
9/10/2022 8:00,0
9/10/2022 8:30,0
9/10/2022 9:00,0
9/10/2022 9:30,0
9/10/2022 10:00,0
9/10/2022 10:30,0
9/10/2022 11:00,0
9/10/2022 11:30,0
9/10/2022 12:00,0
9/10/2022 12:30,0
9/10/2022 13:00,0
9/10/2022 13:30,0
9/10/2022 14:00,0
9/10/2022 14:30,0
9/10/2022 15:00,0
9/10/2022 15:30,0
9/10/2022 16:00,0
9/10/2022 16:30,0
9/10/2022 17:00,0
9/10/2022 17:30,0
9/10/2022 18:00,0
9/10/2022 18:30,0
9/10/2022 19:00,0
9/10/2022 19:30,0
9/10/2022 20:00,0
9/10/2022 20:30,0
9/10/2022 21:00,0
9/10/2022 21:30,0
9/10/2022 22:00,0
9/10/2022 22:30,0
9/10/2022 23:00,0
9/10/2022 23:30,0
9/11/2022 0:00,0
9/11/2022 0:30,0
9/11/2022 1:00,0
9/11/2022 1:30,0
9/11/2022 2:00,0
9/11/2022 2:30,0
9/11/2022 3:00,0
9/11/2022 3:30,0
9/11/2022 4:00,0
9/11/2022 4:30,0
9/11/2022 5:00,0
9/11/2022 5:30,0
9/11/2022 6:00,0
9/11/2022 6:30,0
9/11/2022 7:00,0
9/11/2022 7:30,0
9/11/2022 8:00,0
9/11/2022 8:30,0
9/11/2022 9:00,0
9/11/2022 9:30,0
9/11/2022 10:00,0
9/11/2022 10:30,0
9/11/2022 11:00,0
9/11/2022 11:30,0
9/11/2022 12:00,0
9/11/2022 12:30,0
9/11/2022 13:00,0
9/11/2022 13:30,0
9/11/2022 14:00,0
9/11/2022 14:30,0
9/11/2022 15:00,0
9/11/2022 15:30,0
9/11/2022 16:00,0
9/11/2022 16:30,0
9/11/2022 17:00,0
9/11/2022 17:30,0
9/11/2022 18:00,0
9/11/2022 18:30,0
9/11/2022 19:00,0
9/11/2022 19:30,0
9/11/2022 20:00,0
9/11/2022 20:30,0
9/11/2022 21:00,0
9/11/2022 21:30,0
9/11/2022 22:00,0
9/11/2022 22:30,0
9/11/2022 23:00,0
9/11/2022 23:30,0
9/12/2022 0:00,0
9/12/2022 0:30,0
9/12/2022 1:00,0
9/12/2022 1:30,0
9/12/2022 2:00,0
9/12/2022 2:30,0
9/12/2022 3:00,0
9/12/2022 3:30,0
9/12/2022 4:00,0
9/12/2022 4:30,0
9/12/2022 5:00,0
9/12/2022 5:30,0
9/12/2022 6:00,0
9/12/2022 6:30,0
9/12/2022 7:00,0
9/12/2022 7:30,0
9/12/2022 8:00,0
9/12/2022 8:30,0
9/12/2022 9:00,0
9/12/2022 9:30,0
9/12/2022 10:00,0
9/12/2022 10:30,0
9/12/2022 11:00,0
9/12/2022 11:30,0
9/12/2022 12:00,0
9/12/2022 12:30,0
9/12/2022 13:00,0
9/12/2022 13:30,0
9/12/2022 14:00,0
9/12/2022 14:30,0
9/12/2022 15:00,0
9/12/2022 15:30,0
9/12/2022 16:00,0
9/12/2022 16:30,0
9/12/2022 17:00,0
9/12/2022 17:30,0
9/12/2022 18:00,0
9/12/2022 18:30,0
9/12/2022 19:00,0
9/12/2022 19:30,0
9/12/2022 20:00,0
9/12/2022 20:30,4
9/12/2022 21:00,0.3
9/12/2022 21:30,0
9/12/2022 22:00,0
9/12/2022 22:30,0.5
9/12/2022 23:00,0.1
9/12/2022 23:30,0
9/13/2022 0:00,0
9/13/2022 0:30,0
9/13/2022 1:00,0
9/13/2022 1:30,0
9/13/2022 2:00,0
9/13/2022 2:30,0
9/13/2022 3:00,0
9/13/2022 3:30,0
9/13/2022 4:00,0
9/13/2022 4:30,0
9/13/2022 5:00,0
9/13/2022 5:30,0
9/13/2022 6:00,0
9/13/2022 6:30,0
9/13/2022 7:00,0
9/13/2022 7:30,0
9/13/2022 8:00,0
9/13/2022 8:30,0
9/13/2022 9:00,0
9/13/2022 9:30,0
9/13/2022 10:00,0
9/13/2022 10:30,0
9/13/2022 11:00,0
9/13/2022 11:30,0
9/13/2022 12:00,0
9/13/2022 12:30,0
9/13/2022 13:00,0
9/13/2022 13:30,0
9/13/2022 14:00,0
9/13/2022 14:30,0
9/13/2022 15:00,0
9/13/2022 15:30,0
9/13/2022 16:00,0
9/13/2022 16:30,0
9/13/2022 17:00,0
9/13/2022 17:30,0
9/13/2022 18:00,0
9/13/2022 18:30,0
9/13/2022 19:00,0
9/13/2022 19:30,0
9/13/2022 20:00,0
9/13/2022 20:30,0.1
9/13/2022 21:00,0
9/13/2022 21:30,0.2
9/13/2022 22:00,0.9
9/13/2022 22:30,0.1
9/13/2022 23:00,0.2
9/13/2022 23:30,0.2
9/14/2022 0:00,0.5
9/14/2022 0:30,0.1
9/14/2022 1:00,0
9/14/2022 1:30,0
9/14/2022 2:00,0.2
9/14/2022 2:30,0
9/14/2022 3:00,0
9/14/2022 3:30,0
9/14/2022 4:00,0
9/14/2022 4:30,0
9/14/2022 5:00,0
9/14/2022 5:30,0.1
9/14/2022 6:00,0
9/14/2022 6:30,0
9/14/2022 7:00,0
9/14/2022 7:30,0
9/14/2022 8:00,0
9/14/2022 8:30,0
9/14/2022 9:00,0
9/14/2022 9:30,0
9/14/2022 10:00,0
9/14/2022 10:30,0
9/14/2022 11:00,0
9/14/2022 11:30,0
9/14/2022 12:00,0
9/14/2022 12:30,0
9/14/2022 13:00,0
9/14/2022 13:30,0
9/14/2022 14:00,0
9/14/2022 14:30,0
9/14/2022 15:00,0
9/14/2022 15:30,0
9/14/2022 16:00,0
9/14/2022 16:30,0
9/14/2022 17:00,0
9/14/2022 17:30,0
9/14/2022 18:00,0
9/14/2022 18:30,0
9/14/2022 19:00,0
9/14/2022 19:30,0
9/14/2022 20:00,0
9/14/2022 20:30,0
9/14/2022 21:00,0
9/14/2022 21:30,0
9/14/2022 22:00,0
9/14/2022 22:30,0
9/14/2022 23:00,0
9/14/2022 23:30,0
9/15/2022 0:00,0
9/15/2022 0:30,0
9/15/2022 1:00,0
9/15/2022 1:30,0
9/15/2022 2:00,0
9/15/2022 2:30,0
9/15/2022 3:00,0
9/15/2022 3:30,0
9/15/2022 4:00,0
9/15/2022 4:30,0
9/15/2022 5:00,0
9/15/2022 5:30,0
9/15/2022 6:00,0
9/15/2022 6:30,0
9/15/2022 7:00,0
9/15/2022 7:30,0
9/15/2022 8:00,0
9/15/2022 8:30,0
9/15/2022 9:00,0
9/15/2022 9:30,0
9/15/2022 10:00,0
9/15/2022 10:30,0
9/15/2022 11:00,0
9/15/2022 11:30,0
9/15/2022 12:00,0
9/15/2022 12:30,0
9/15/2022 13:00,0
9/15/2022 13:30,0
9/15/2022 14:00,0
9/15/2022 14:30,0
9/15/2022 15:00,0
9/15/2022 15:30,0
9/15/2022 16:00,0
9/15/2022 16:30,0
9/15/2022 17:00,0
9/15/2022 17:30,0
9/15/2022 18:00,0
9/15/2022 18:30,0
9/15/2022 19:00,0
9/15/2022 19:30,0
9/15/2022 20:00,0
9/15/2022 20:30,0
9/15/2022 21:00,0
9/15/2022 21:30,0
9/15/2022 22:00,0
9/15/2022 22:30,0
9/15/2022 23:00,0
9/15/2022 23:30,0
9/16/2022 0:00,0
9/16/2022 0:30,0
9/16/2022 1:00,0
9/16/2022 1:30,0
9/16/2022 2:00,0
9/16/2022 2:30,0
9/16/2022 3:00,0
9/16/2022 3:30,0
9/16/2022 4:00,0
9/16/2022 4:30,0
9/16/2022 5:00,0
9/16/2022 5:30,0
9/16/2022 6:00,0
9/16/2022 6:30,0
9/16/2022 7:00,0
9/16/2022 7:30,0
9/16/2022 8:00,0
9/16/2022 8:30,0
9/16/2022 9:00,0
9/16/2022 9:30,0
9/16/2022 10:00,0
9/16/2022 10:30,0
9/16/2022 11:00,0
9/16/2022 11:30,0
9/16/2022 12:00,0
9/16/2022 12:30,0
9/16/2022 13:00,0
9/16/2022 13:30,0
9/16/2022 14:00,0
9/16/2022 14:30,0
9/16/2022 15:00,0
9/16/2022 15:30,0
9/16/2022 16:00,0
9/16/2022 16:30,0
9/16/2022 17:00,0
9/16/2022 17:30,0
9/16/2022 18:00,0
9/16/2022 18:30,0
9/16/2022 19:00,0
9/16/2022 19:30,0
9/16/2022 20:00,0
9/16/2022 20:30,0
9/16/2022 21:00,0
9/16/2022 21:30,0
9/16/2022 22:00,0
9/16/2022 22:30,0
9/16/2022 23:00,0
9/16/2022 23:30,0
9/17/2022 0:00,0
9/17/2022 0:30,0
9/17/2022 1:00,0
9/17/2022 1:30,0
9/17/2022 2:00,0
9/17/2022 2:30,0
9/17/2022 3:00,0
9/17/2022 3:30,0
9/17/2022 4:00,0
9/17/2022 4:30,0
9/17/2022 5:00,0
9/17/2022 5:30,0
9/17/2022 6:00,0
9/17/2022 6:30,0
9/17/2022 7:00,0
9/17/2022 7:30,0
9/17/2022 8:00,0
9/17/2022 8:30,0
9/17/2022 9:00,0
9/17/2022 9:30,0
9/17/2022 10:00,0
9/17/2022 10:30,0
9/17/2022 11:00,0
9/17/2022 11:30,0
9/17/2022 12:00,0
9/17/2022 12:30,0
9/17/2022 13:00,0
9/17/2022 13:30,0
9/17/2022 14:00,0
9/17/2022 14:30,0
9/17/2022 15:00,0
9/17/2022 15:30,0
9/17/2022 16:00,0
9/17/2022 16:30,0
9/17/2022 17:00,0
9/17/2022 17:30,0
9/17/2022 18:00,0
9/17/2022 18:30,0
9/17/2022 19:00,0
9/17/2022 19:30,0
9/17/2022 20:00,0
9/17/2022 20:30,0
9/17/2022 21:00,0
9/17/2022 21:30,0
9/17/2022 22:00,0
9/17/2022 22:30,0
9/17/2022 23:00,0
9/17/2022 23:30,0
9/18/2022 0:00,0
9/18/2022 0:30,0
9/18/2022 1:00,0
9/18/2022 1:30,0
9/18/2022 2:00,0
9/18/2022 2:30,0
9/18/2022 3:00,0
9/18/2022 3:30,0
9/18/2022 4:00,0
9/18/2022 4:30,0
9/18/2022 5:00,0
9/18/2022 5:30,0
9/18/2022 6:00,0
9/18/2022 6:30,0
9/18/2022 7:00,0
9/18/2022 7:30,0
9/18/2022 8:00,0
9/18/2022 8:30,0
9/18/2022 9:00,0
9/18/2022 9:30,0
9/18/2022 10:00,0
9/18/2022 10:30,0
9/18/2022 11:00,0
9/18/2022 11:30,0
9/18/2022 12:00,0
9/18/2022 12:30,0
9/18/2022 13:00,0
9/18/2022 13:30,0
9/18/2022 14:00,0
9/18/2022 14:30,0
9/18/2022 15:00,0
9/18/2022 15:30,0
9/18/2022 16:00,0
9/18/2022 16:30,0
9/18/2022 17:00,6.1
9/18/2022 17:30,0.7
9/18/2022 18:00,0
9/18/2022 18:30,0
9/18/2022 19:00,0
9/18/2022 19:30,0
9/18/2022 20:00,0
9/18/2022 20:30,0
9/18/2022 21:00,0
9/18/2022 21:30,0
9/18/2022 22:00,0
9/18/2022 22:30,0
9/18/2022 23:00,0
9/18/2022 23:30,0
9/19/2022 0:00,0
9/19/2022 0:30,0
9/19/2022 1:00,0
9/19/2022 1:30,0
9/19/2022 2:00,0
9/19/2022 2:30,0
9/19/2022 3:00,0
9/19/2022 3:30,0
9/19/2022 4:00,0
9/19/2022 4:30,0
9/19/2022 5:00,0
9/19/2022 5:30,0
9/19/2022 6:00,0
9/19/2022 6:30,0
9/19/2022 7:00,0
9/19/2022 7:30,0
9/19/2022 8:00,0
9/19/2022 8:30,0
9/19/2022 9:00,0
9/19/2022 9:30,0
9/19/2022 10:00,0
9/19/2022 10:30,0
9/19/2022 11:00,0
9/19/2022 11:30,0
9/19/2022 12:00,0
9/19/2022 12:30,0
9/19/2022 13:00,0
9/19/2022 13:30,0
9/19/2022 14:00,0.3
9/19/2022 14:30,0
9/19/2022 15:00,0
9/19/2022 15:30,0
9/19/2022 16:00,0
9/19/2022 16:30,0
9/19/2022 17:00,0
9/19/2022 17:30,0
9/19/2022 18:00,0
9/19/2022 18:30,0
9/19/2022 19:00,0
9/19/2022 19:30,0
9/19/2022 20:00,0
9/19/2022 20:30,0
9/19/2022 21:00,0
9/19/2022 21:30,0
9/19/2022 22:00,0
9/19/2022 22:30,0
9/19/2022 23:00,0
9/19/2022 23:30,0
9/20/2022 0:00,0
9/20/2022 0:30,0
9/20/2022 1:00,0
9/20/2022 1:30,0
9/20/2022 2:00,0
9/20/2022 2:30,0
9/20/2022 3:00,0
9/20/2022 3:30,0
9/20/2022 4:00,0
9/20/2022 4:30,0
9/20/2022 5:00,0
9/20/2022 5:30,0
9/20/2022 6:00,0
9/20/2022 6:30,0
9/20/2022 7:00,0
9/20/2022 7:30,0
9/20/2022 8:00,0
9/20/2022 8:30,0
9/20/2022 9:00,0
9/20/2022 9:30,0
9/20/2022 10:00,0
9/20/2022 10:30,0
9/20/2022 11:00,0
9/20/2022 11:30,0
9/20/2022 12:00,0
9/20/2022 12:30,0
9/20/2022 13:00,0.1
9/20/2022 13:30,1.4
9/20/2022 14:00,0
9/20/2022 14:30,0
9/20/2022 15:00,0
9/20/2022 15:30,0
9/20/2022 16:00,0
9/20/2022 16:30,0
9/20/2022 17:00,0
9/20/2022 17:30,0
9/20/2022 18:00,0
9/20/2022 18:30,0
9/20/2022 19:00,0
9/20/2022 19:30,0
9/20/2022 20:00,0
9/20/2022 20:30,0
9/20/2022 21:00,0
9/20/2022 21:30,0
9/20/2022 22:00,0
9/20/2022 22:30,0
9/20/2022 23:00,0
9/20/2022 23:30,0
9/21/2022 0:00,0
9/21/2022 0:30,0
9/21/2022 1:00,0
9/21/2022 1:30,0
9/21/2022 2:00,0
9/21/2022 2:30,0
9/21/2022 3:00,0
9/21/2022 3:30,0
9/21/2022 4:00,0
9/21/2022 4:30,0
9/21/2022 5:00,0
9/21/2022 5:30,0
9/21/2022 6:00,0
9/21/2022 6:30,0
9/21/2022 7:00,0
9/21/2022 7:30,0
9/21/2022 8:00,0
9/21/2022 8:30,0
9/21/2022 9:00,0
9/21/2022 9:30,0
9/21/2022 10:00,0
9/21/2022 10:30,0
9/21/2022 11:00,0
9/21/2022 11:30,0
9/21/2022 12:00,0
9/21/2022 12:30,0
9/21/2022 13:00,0
9/21/2022 13:30,0
9/21/2022 14:00,0
9/21/2022 14:30,0
9/21/2022 15:00,0
9/21/2022 15:30,0
9/21/2022 16:00,0
9/21/2022 16:30,0
9/21/2022 17:00,0
9/21/2022 17:30,0
9/21/2022 18:00,0
9/21/2022 18:30,0
9/21/2022 19:00,0
9/21/2022 19:30,0
9/21/2022 20:00,0
9/21/2022 20:30,0
9/21/2022 21:00,0
9/21/2022 21:30,0
9/21/2022 22:00,0
9/21/2022 22:30,0
9/21/2022 23:00,0
9/21/2022 23:30,0
9/22/2022 0:00,0
9/22/2022 0:30,0
9/22/2022 1:00,0
9/22/2022 1:30,0
9/22/2022 2:00,0
9/22/2022 2:30,0
9/22/2022 3:00,0
9/22/2022 3:30,0
9/22/2022 4:00,0
9/22/2022 4:30,0
9/22/2022 5:00,0
9/22/2022 5:30,0
9/22/2022 6:00,0
9/22/2022 6:30,0
9/22/2022 7:00,0
9/22/2022 7:30,0
9/22/2022 8:00,0
9/22/2022 8:30,0
9/22/2022 9:00,0
9/22/2022 9:30,0
9/22/2022 10:00,0
9/22/2022 10:30,0
9/22/2022 11:00,0
9/22/2022 11:30,0
9/22/2022 12:00,0
9/22/2022 12:30,0
9/22/2022 13:00,0
9/22/2022 13:30,0
9/22/2022 14:00,0
9/22/2022 14:30,0
9/22/2022 15:00,0
9/22/2022 15:30,0
9/22/2022 16:00,0
9/22/2022 16:30,0
9/22/2022 17:00,0
9/22/2022 17:30,0
9/22/2022 18:00,0
9/22/2022 18:30,0
9/22/2022 19:00,0
9/22/2022 19:30,0
9/22/2022 20:00,0
9/22/2022 20:30,0
9/22/2022 21:00,0
9/22/2022 21:30,0
9/22/2022 22:00,0
9/22/2022 22:30,0
9/22/2022 23:00,0
9/22/2022 23:30,0
9/23/2022 0:00,0
9/23/2022 0:30,0
9/23/2022 1:00,0
9/23/2022 1:30,0
9/23/2022 2:00,0
9/23/2022 2:30,0
9/23/2022 3:00,0
9/23/2022 3:30,0
9/23/2022 4:00,0
9/23/2022 4:30,0
9/23/2022 5:00,0
9/23/2022 5:30,0
9/23/2022 6:00,0
9/23/2022 6:30,0
9/23/2022 7:00,0
9/23/2022 7:30,0
9/23/2022 8:00,0
9/23/2022 8:30,0
9/23/2022 9:00,0
9/23/2022 9:30,0
9/23/2022 10:00,0
9/23/2022 10:30,0
9/23/2022 11:00,0
9/23/2022 11:30,0
9/23/2022 12:00,0
9/23/2022 12:30,0
9/23/2022 13:00,0
9/23/2022 13:30,0
9/23/2022 14:00,0
9/23/2022 14:30,0
9/23/2022 15:00,0
9/23/2022 15:30,0
9/23/2022 16:00,0
9/23/2022 16:30,0
9/23/2022 17:00,0
9/23/2022 17:30,0
9/23/2022 18:00,0
9/23/2022 18:30,0
9/23/2022 19:00,0
9/23/2022 19:30,0
9/23/2022 20:00,0
9/23/2022 20:30,0
9/23/2022 21:00,0
9/23/2022 21:30,0
9/23/2022 22:00,0
9/23/2022 22:30,0
9/23/2022 23:00,0
9/23/2022 23:30,0
9/24/2022 0:00,0
9/24/2022 0:30,0
9/24/2022 1:00,0
9/24/2022 1:30,0
9/24/2022 2:00,0
9/24/2022 2:30,0
9/24/2022 3:00,0
9/24/2022 3:30,0
9/24/2022 4:00,0
9/24/2022 4:30,0
9/24/2022 5:00,0
9/24/2022 5:30,0
9/24/2022 6:00,0
9/24/2022 6:30,0
9/24/2022 7:00,0
9/24/2022 7:30,0
9/24/2022 8:00,0
9/24/2022 8:30,0
9/24/2022 9:00,0
9/24/2022 9:30,0
9/24/2022 10:00,0
9/24/2022 10:30,0
9/24/2022 11:00,0
9/24/2022 11:30,0
9/24/2022 12:00,0
9/24/2022 12:30,0
9/24/2022 13:00,0
9/24/2022 13:30,0
9/24/2022 14:00,0
9/24/2022 14:30,0
9/24/2022 15:00,0
9/24/2022 15:30,0
9/24/2022 16:00,0
9/24/2022 16:30,0
9/24/2022 17:00,0
9/24/2022 17:30,0
9/24/2022 18:00,0
9/24/2022 18:30,0
9/24/2022 19:00,0
9/24/2022 19:30,0
9/24/2022 20:00,0
9/24/2022 20:30,0
9/24/2022 21:00,0
9/24/2022 21:30,0
9/24/2022 22:00,0
9/24/2022 22:30,0
9/24/2022 23:00,0
9/24/2022 23:30,0
9/25/2022 0:00,0
9/25/2022 0:30,0
9/25/2022 1:00,0
9/25/2022 1:30,0
9/25/2022 2:00,0
9/25/2022 2:30,0
9/25/2022 3:00,0
9/25/2022 3:30,0
9/25/2022 4:00,0
9/25/2022 4:30,0
9/25/2022 5:00,0
9/25/2022 5:30,0
9/25/2022 6:00,0
9/25/2022 6:30,0
9/25/2022 7:00,0
9/25/2022 7:30,0
9/25/2022 8:00,0
9/25/2022 8:30,0
9/25/2022 9:00,0
9/25/2022 9:30,0
9/25/2022 10:00,0
9/25/2022 10:30,0
9/25/2022 11:00,0
9/25/2022 11:30,0
9/25/2022 12:00,0
9/25/2022 12:30,0
9/25/2022 13:00,0
9/25/2022 13:30,0
9/25/2022 14:00,0
9/25/2022 14:30,0
9/25/2022 15:00,0
9/25/2022 15:30,0
9/25/2022 16:00,0
9/25/2022 16:30,0
9/25/2022 17:00,0
9/25/2022 17:30,0
9/25/2022 18:00,0
9/25/2022 18:30,0
9/25/2022 19:00,0
9/25/2022 19:30,0
9/25/2022 20:00,0
9/25/2022 20:30,0
9/25/2022 21:00,0
9/25/2022 21:30,0
9/25/2022 22:00,0
9/25/2022 22:30,0
9/25/2022 23:00,0
9/25/2022 23:30,0
9/26/2022 0:00,0
9/26/2022 0:30,0
9/26/2022 1:00,0
9/26/2022 1:30,0
9/26/2022 2:00,0
9/26/2022 2:30,0
9/26/2022 3:00,0
9/26/2022 3:30,0
9/26/2022 4:00,0
9/26/2022 4:30,0
9/26/2022 5:00,0
9/26/2022 5:30,0
9/26/2022 6:00,0
9/26/2022 6:30,0
9/26/2022 7:00,0
9/26/2022 7:30,0
9/26/2022 8:00,0
9/26/2022 8:30,0
9/26/2022 9:00,0
9/26/2022 9:30,0
9/26/2022 10:00,0
9/26/2022 10:30,0
9/26/2022 11:00,0
9/26/2022 11:30,0
9/26/2022 12:00,0
9/26/2022 12:30,0
9/26/2022 13:00,0.4
9/26/2022 13:30,0
9/26/2022 14:00,0
9/26/2022 14:30,0
9/26/2022 15:00,0
9/26/2022 15:30,0
9/26/2022 16:00,0
9/26/2022 16:30,0
9/26/2022 17:00,0
9/26/2022 17:30,0
9/26/2022 18:00,0
9/26/2022 18:30,0
9/26/2022 19:00,0
9/26/2022 19:30,0
9/26/2022 20:00,0
9/26/2022 20:30,0
9/26/2022 21:00,0
9/26/2022 21:30,0
9/26/2022 22:00,0
9/26/2022 22:30,0
9/26/2022 23:00,0
9/26/2022 23:30,0
9/27/2022 0:00,0
9/27/2022 0:30,0
9/27/2022 1:00,0
9/27/2022 1:30,0
9/27/2022 2:00,0
9/27/2022 2:30,0
9/27/2022 3:00,0
9/27/2022 3:30,0
9/27/2022 4:00,0
9/27/2022 4:30,0
9/27/2022 5:00,0
9/27/2022 5:30,0
9/27/2022 6:00,0
9/27/2022 6:30,0
9/27/2022 7:00,0
9/27/2022 7:30,0
9/27/2022 8:00,0
9/27/2022 8:30,0
9/27/2022 9:00,0
9/27/2022 9:30,0
9/27/2022 10:00,0
9/27/2022 10:30,0
9/27/2022 11:00,0
9/27/2022 11:30,0
9/27/2022 12:00,0
9/27/2022 12:30,0
9/27/2022 13:00,0
9/27/2022 13:30,0
9/27/2022 14:00,0
9/27/2022 14:30,0
9/27/2022 15:00,0
9/27/2022 15:30,0
9/27/2022 16:00,0
9/27/2022 16:30,0
9/27/2022 17:00,0
9/27/2022 17:30,0
9/27/2022 18:00,0
9/27/2022 18:30,0
9/27/2022 19:00,0
9/27/2022 19:30,0
9/27/2022 20:00,0
9/27/2022 20:30,0
9/27/2022 21:00,0
9/27/2022 21:30,0
9/27/2022 22:00,0
9/27/2022 22:30,0
9/27/2022 23:00,0
9/27/2022 23:30,0
9/28/2022 0:00,0
9/28/2022 0:30,0
9/28/2022 1:00,0
9/28/2022 1:30,0
9/28/2022 2:00,0
9/28/2022 2:30,0
9/28/2022 3:00,0
9/28/2022 3:30,0
9/28/2022 4:00,0
9/28/2022 4:30,0
9/28/2022 5:00,0
9/28/2022 5:30,0
9/28/2022 6:00,0
9/28/2022 6:30,0
9/28/2022 7:00,0
9/28/2022 7:30,0
9/28/2022 8:00,0
9/28/2022 8:30,0
9/28/2022 9:00,0
9/28/2022 9:30,0
9/28/2022 10:00,0
9/28/2022 10:30,0
9/28/2022 11:00,0
9/28/2022 11:30,0
9/28/2022 12:00,0
9/28/2022 12:30,0
9/28/2022 13:00,0
9/28/2022 13:30,0
9/28/2022 14:00,0
9/28/2022 14:30,0
9/28/2022 15:00,0
9/28/2022 15:30,0
9/28/2022 16:00,0
9/28/2022 16:30,0
9/28/2022 17:00,0
9/28/2022 17:30,0
9/28/2022 18:00,0
9/28/2022 18:30,0
9/28/2022 19:00,0
9/28/2022 19:30,0
9/28/2022 20:00,0
9/28/2022 20:30,0
9/28/2022 21:00,0
9/28/2022 21:30,0
9/28/2022 22:00,0
9/28/2022 22:30,0
9/28/2022 23:00,0
9/28/2022 23:30,0
9/29/2022 0:00,0
9/29/2022 0:30,0
9/29/2022 1:00,0
9/29/2022 1:30,0
9/29/2022 2:00,0
9/29/2022 2:30,0
9/29/2022 3:00,0
9/29/2022 3:30,0
9/29/2022 4:00,0
9/29/2022 4:30,0
9/29/2022 5:00,0
9/29/2022 5:30,0
9/29/2022 6:00,0
9/29/2022 6:30,0
9/29/2022 7:00,0
9/29/2022 7:30,0
9/29/2022 8:00,0
9/29/2022 8:30,0
9/29/2022 9:00,0
9/29/2022 9:30,0
9/29/2022 10:00,0
9/29/2022 10:30,0
9/29/2022 11:00,0
9/29/2022 11:30,0
9/29/2022 12:00,0
9/29/2022 12:30,0
9/29/2022 13:00,0
9/29/2022 13:30,0
9/29/2022 14:00,0
9/29/2022 14:30,0
9/29/2022 15:00,0
9/29/2022 15:30,0
9/29/2022 16:00,0
9/29/2022 16:30,0
9/29/2022 17:00,0
9/29/2022 17:30,0
9/29/2022 18:00,0
9/29/2022 18:30,0
9/29/2022 19:00,0
9/29/2022 19:30,0
9/29/2022 20:00,0
9/29/2022 20:30,0
9/29/2022 21:00,0
9/29/2022 21:30,0
9/29/2022 22:00,0
9/29/2022 22:30,0
9/29/2022 23:00,0
9/29/2022 23:30,0
9/30/2022 0:00,0
9/30/2022 0:30,0
9/30/2022 1:00,0
9/30/2022 1:30,0
9/30/2022 2:00,0
9/30/2022 2:30,0
9/30/2022 3:00,0
9/30/2022 3:30,0
9/30/2022 4:00,0
9/30/2022 4:30,0
9/30/2022 5:00,0
9/30/2022 5:30,0
9/30/2022 6:00,0
9/30/2022 6:30,0
9/30/2022 7:00,0
9/30/2022 7:30,0
9/30/2022 8:00,0
9/30/2022 8:30,0
9/30/2022 9:00,0
9/30/2022 9:30,0
9/30/2022 10:00,0
9/30/2022 10:30,0
9/30/2022 11:00,0
9/30/2022 11:30,0
9/30/2022 12:00,0
9/30/2022 12:30,0
9/30/2022 13:00,0
9/30/2022 13:30,0
9/30/2022 14:00,0
9/30/2022 14:30,0
9/30/2022 15:00,0
9/30/2022 15:30,0
9/30/2022 16:00,0
9/30/2022 16:30,0
9/30/2022 17:00,0
9/30/2022 17:30,0
9/30/2022 18:00,0
9/30/2022 18:30,0
9/30/2022 19:00,0
9/30/2022 19:30,0
9/30/2022 20:00,0
9/30/2022 20:30,0
9/30/2022 21:00,0
9/30/2022 21:30,0
9/30/2022 22:00,0
9/30/2022 22:30,0
9/30/2022 23:00,0
9/30/2022 23:30,0
10/1/2022 0:00,0
10/1/2022 0:30,0
10/1/2022 1:00,0
10/1/2022 1:30,0
10/1/2022 2:00,0
10/1/2022 2:30,0
10/1/2022 3:00,0
10/1/2022 3:30,0
10/1/2022 4:00,0
10/1/2022 4:30,0
10/1/2022 5:00,0
10/1/2022 5:30,0
10/1/2022 6:00,0
10/1/2022 6:30,0
10/1/2022 7:00,0
10/1/2022 7:30,0
10/1/2022 8:00,0
10/1/2022 8:30,0
10/1/2022 9:00,0
10/1/2022 9:30,0
10/1/2022 10:00,0
10/1/2022 10:30,0
10/1/2022 11:00,0
10/1/2022 11:30,0
10/1/2022 12:00,0
10/1/2022 12:30,0
10/1/2022 13:00,0
10/1/2022 13:30,0
10/1/2022 14:00,0
10/1/2022 14:30,0
10/1/2022 15:00,0
10/1/2022 15:30,0
10/1/2022 16:00,0
10/1/2022 16:30,0
10/1/2022 17:00,0
10/1/2022 17:30,0
10/1/2022 18:00,0
10/1/2022 18:30,0
10/1/2022 19:00,0
10/1/2022 19:30,0
10/1/2022 20:00,0
10/1/2022 20:30,0
10/1/2022 21:00,0
10/1/2022 21:30,0
10/1/2022 22:00,0
10/1/2022 22:30,0
10/1/2022 23:00,0
10/1/2022 23:30,0
10/2/2022 0:00,0
10/2/2022 0:30,0
10/2/2022 1:00,0
10/2/2022 1:30,0.1
10/2/2022 2:00,0
10/2/2022 2:30,0
10/2/2022 3:00,0
10/2/2022 3:30,0
10/2/2022 4:00,0
10/2/2022 4:30,0
10/2/2022 5:00,0
10/2/2022 5:30,0
10/2/2022 6:00,0
10/2/2022 6:30,0
10/2/2022 7:00,0
10/2/2022 7:30,0
10/2/2022 8:00,0
10/2/2022 8:30,0
10/2/2022 9:00,0
10/2/2022 9:30,0
10/2/2022 10:00,0
10/2/2022 10:30,0
10/2/2022 11:00,0
10/2/2022 11:30,0
10/2/2022 12:00,0
10/2/2022 12:30,0
10/2/2022 13:00,0
10/2/2022 13:30,0
10/2/2022 14:00,0
10/2/2022 14:30,0
10/2/2022 15:00,0
10/2/2022 15:30,0
10/2/2022 16:00,0
10/2/2022 16:30,0
10/2/2022 17:00,0
10/2/2022 17:30,0
10/2/2022 18:00,0
10/2/2022 18:30,0
10/2/2022 19:00,0
10/2/2022 19:30,0
10/2/2022 20:00,0
10/2/2022 20:30,0
10/2/2022 21:00,0
10/2/2022 21:30,0
10/2/2022 22:00,0
10/2/2022 22:30,0
10/2/2022 23:00,0
10/2/2022 23:30,0
10/3/2022 0:00,0
10/3/2022 0:30,0
10/3/2022 1:00,0
10/3/2022 1:30,0
10/3/2022 2:00,0
10/3/2022 2:30,0
10/3/2022 3:00,0
10/3/2022 3:30,0
10/3/2022 4:00,0
10/3/2022 4:30,0
10/3/2022 5:00,0
10/3/2022 5:30,0
10/3/2022 6:00,0
10/3/2022 6:30,0
10/3/2022 7:00,0
10/3/2022 7:30,0
10/3/2022 8:00,0
10/3/2022 8:30,0
10/3/2022 9:00,0
10/3/2022 9:30,0
10/3/2022 10:00,0
10/3/2022 10:30,0
10/3/2022 11:00,0
10/3/2022 11:30,0
10/3/2022 12:00,0
10/3/2022 12:30,0
10/3/2022 13:00,0
10/3/2022 13:30,0
10/3/2022 14:00,0
10/3/2022 14:30,0
10/3/2022 15:00,0
10/3/2022 15:30,0
10/3/2022 16:00,0
10/3/2022 16:30,0
10/3/2022 17:00,0
10/3/2022 17:30,0
10/3/2022 18:00,0
10/3/2022 18:30,0
10/3/2022 19:00,0
10/3/2022 19:30,0
10/3/2022 20:00,0
10/3/2022 20:30,0
10/3/2022 21:00,0
10/3/2022 21:30,0
10/3/2022 22:00,0
10/3/2022 22:30,0
10/3/2022 23:00,0
10/3/2022 23:30,0
10/4/2022 0:00,0
10/4/2022 0:30,0
10/4/2022 1:00,0
10/4/2022 1:30,0
10/4/2022 2:00,0
10/4/2022 2:30,0
10/4/2022 3:00,0
10/4/2022 3:30,0
10/4/2022 4:00,0
10/4/2022 4:30,0
10/4/2022 5:00,0
10/4/2022 5:30,0
10/4/2022 6:00,0
10/4/2022 6:30,0
10/4/2022 7:00,0
10/4/2022 7:30,0
10/4/2022 8:00,0
10/4/2022 8:30,0
10/4/2022 9:00,0
10/4/2022 9:30,0
10/4/2022 10:00,0
10/4/2022 10:30,0
10/4/2022 11:00,0
10/4/2022 11:30,0
10/4/2022 12:00,0
10/4/2022 12:30,0.1
10/4/2022 13:00,0
10/4/2022 13:30,0
10/4/2022 14:00,0
10/4/2022 14:30,0
10/4/2022 15:00,0
10/4/2022 15:30,0
10/4/2022 16:00,0
10/4/2022 16:30,0
10/4/2022 17:00,0
10/4/2022 17:30,0
10/4/2022 18:00,0
10/4/2022 18:30,0
10/4/2022 19:00,0
10/4/2022 19:30,0
10/4/2022 20:00,0
10/4/2022 20:30,0.3
10/4/2022 21:00,0.3
10/4/2022 21:30,0.8
10/4/2022 22:00,0.2
10/4/2022 22:30,0.1
10/4/2022 23:00,0.2
10/4/2022 23:30,0.1
10/5/2022 0:00,0
10/5/2022 0:30,0
10/5/2022 1:00,0
10/5/2022 1:30,0
10/5/2022 2:00,0
10/5/2022 2:30,0
10/5/2022 3:00,0
10/5/2022 3:30,0
10/5/2022 4:00,0
10/5/2022 4:30,0
10/5/2022 5:00,0
10/5/2022 5:30,0
10/5/2022 6:00,0
10/5/2022 6:30,0
10/5/2022 7:00,0
10/5/2022 7:30,0
10/5/2022 8:00,0
10/5/2022 8:30,0
10/5/2022 9:00,0
10/5/2022 9:30,0
10/5/2022 10:00,0
10/5/2022 10:30,0
10/5/2022 11:00,0
10/5/2022 11:30,0
10/5/2022 12:00,0
10/5/2022 12:30,0
10/5/2022 13:00,0
10/5/2022 13:30,0
10/5/2022 14:00,0
10/5/2022 14:30,0
10/5/2022 15:00,0
10/5/2022 15:30,0
10/5/2022 16:00,0
10/5/2022 16:30,0
10/5/2022 17:00,0
10/5/2022 17:30,0
10/5/2022 18:00,0
10/5/2022 18:30,0
10/5/2022 19:00,0
10/5/2022 19:30,0
10/5/2022 20:00,0
10/5/2022 20:30,0
10/5/2022 21:00,0
10/5/2022 21:30,0
10/5/2022 22:00,0
10/5/2022 22:30,0
10/5/2022 23:00,0
10/5/2022 23:30,0
10/6/2022 0:00,0
10/6/2022 0:30,0
10/6/2022 1:00,0
10/6/2022 1:30,0
10/6/2022 2:00,0
10/6/2022 2:30,0
10/6/2022 3:00,0
10/6/2022 3:30,0
10/6/2022 4:00,0
10/6/2022 4:30,0
10/6/2022 5:00,0
10/6/2022 5:30,0
10/6/2022 6:00,0
10/6/2022 6:30,0
10/6/2022 7:00,0
10/6/2022 7:30,0
10/6/2022 8:00,0
10/6/2022 8:30,0
10/6/2022 9:00,0
10/6/2022 9:30,0
10/6/2022 10:00,0
10/6/2022 10:30,0
10/6/2022 11:00,0
10/6/2022 11:30,0
10/6/2022 12:00,0
10/6/2022 12:30,0
10/6/2022 13:00,0
10/6/2022 13:30,0
10/6/2022 14:00,0
10/6/2022 14:30,0
10/6/2022 15:00,0
10/6/2022 15:30,0
10/6/2022 16:00,0
10/6/2022 16:30,0
10/6/2022 17:00,0
10/6/2022 17:30,0
10/6/2022 18:00,0
10/6/2022 18:30,0
10/6/2022 19:00,0.4
10/6/2022 19:30,0.3
10/6/2022 20:00,0
10/6/2022 20:30,0
10/6/2022 21:00,0
10/6/2022 21:30,0
10/6/2022 22:00,0
10/6/2022 22:30,0
10/6/2022 23:00,0
10/6/2022 23:30,0
10/7/2022 0:00,0
10/7/2022 0:30,0
10/7/2022 1:00,0
10/7/2022 1:30,0
10/7/2022 2:00,0.4
10/7/2022 2:30,0.1
10/7/2022 3:00,0.1
10/7/2022 3:30,0
10/7/2022 4:00,0
10/7/2022 4:30,0
10/7/2022 5:00,0
10/7/2022 5:30,0
10/7/2022 6:00,0
10/7/2022 6:30,0
10/7/2022 7:00,0
10/7/2022 7:30,0
10/7/2022 8:00,0
10/7/2022 8:30,0
10/7/2022 9:00,0
10/7/2022 9:30,0
10/7/2022 10:00,0
10/7/2022 10:30,0
10/7/2022 11:00,0
10/7/2022 11:30,0
10/7/2022 12:00,0
10/7/2022 12:30,0
10/7/2022 13:00,0
10/7/2022 13:30,0
10/7/2022 14:00,2.4
10/7/2022 14:30,0.6
10/7/2022 15:00,0
10/7/2022 15:30,0
10/7/2022 16:00,0
10/7/2022 16:30,0
10/7/2022 17:00,0
10/7/2022 17:30,0
10/7/2022 18:00,0
10/7/2022 18:30,0
10/7/2022 19:00,0.1
10/7/2022 19:30,0
10/7/2022 20:00,0
10/7/2022 20:30,0
10/7/2022 21:00,0
10/7/2022 21:30,0
10/7/2022 22:00,0
10/7/2022 22:30,0
10/7/2022 23:00,0
10/7/2022 23:30,0
10/8/2022 0:00,0
10/8/2022 0:30,0
10/8/2022 1:00,0
10/8/2022 1:30,0
10/8/2022 2:00,0
10/8/2022 2:30,0
10/8/2022 3:00,0
10/8/2022 3:30,0
10/8/2022 4:00,0
10/8/2022 4:30,0
10/8/2022 5:00,0
10/8/2022 5:30,0
10/8/2022 6:00,0
10/8/2022 6:30,0
10/8/2022 7:00,0
10/8/2022 7:30,0
10/8/2022 8:00,0
10/8/2022 8:30,0
10/8/2022 9:00,0
10/8/2022 9:30,0
10/8/2022 10:00,0
10/8/2022 10:30,0
10/8/2022 11:00,0
10/8/2022 11:30,0
10/8/2022 12:00,0
10/8/2022 12:30,0
10/8/2022 13:00,0
10/8/2022 13:30,0
10/8/2022 14:00,0
10/8/2022 14:30,0
10/8/2022 15:00,0
10/8/2022 15:30,0
10/8/2022 16:00,0
10/8/2022 16:30,0
10/8/2022 17:00,0
10/8/2022 17:30,0
10/8/2022 18:00,0
10/8/2022 18:30,0
10/8/2022 19:00,0
10/8/2022 19:30,1.2
10/8/2022 20:00,4.7
10/8/2022 20:30,1.2
10/8/2022 21:00,0
10/8/2022 21:30,0
10/8/2022 22:00,0
10/8/2022 22:30,0
10/8/2022 23:00,0
10/8/2022 23:30,0
10/9/2022 0:00,0
10/9/2022 0:30,0
10/9/2022 1:00,0
10/9/2022 1:30,0
10/9/2022 2:00,0.1
10/9/2022 2:30,0.1
10/9/2022 3:00,0.4
10/9/2022 3:30,0.1
10/9/2022 4:00,0
10/9/2022 4:30,0
10/9/2022 5:00,0
10/9/2022 5:30,0.1
10/9/2022 6:00,0
10/9/2022 6:30,0
10/9/2022 7:00,0
10/9/2022 7:30,0
10/9/2022 8:00,0
10/9/2022 8:30,0
10/9/2022 9:00,0
10/9/2022 9:30,0
10/9/2022 10:00,0
10/9/2022 10:30,0
10/9/2022 11:00,0
10/9/2022 11:30,0
10/9/2022 12:00,0
10/9/2022 12:30,0
10/9/2022 13:00,0
10/9/2022 13:30,0
10/9/2022 14:00,0
10/9/2022 14:30,0.2
10/9/2022 15:00,0.4
10/9/2022 15:30,0
10/9/2022 16:00,0
10/9/2022 16:30,0
10/9/2022 17:00,0
10/9/2022 17:30,0
10/9/2022 18:00,0
10/9/2022 18:30,0
10/9/2022 19:00,0
10/9/2022 19:30,0
10/9/2022 20:00,0
10/9/2022 20:30,0
10/9/2022 21:00,0
10/9/2022 21:30,0
10/9/2022 22:00,0
10/9/2022 22:30,0
10/9/2022 23:00,0
10/9/2022 23:30,0
10/10/2022 0:00,0
10/10/2022 0:30,0
10/10/2022 1:00,0
10/10/2022 1:30,0
10/10/2022 2:00,0
10/10/2022 2:30,0
10/10/2022 3:00,0
10/10/2022 3:30,0
10/10/2022 4:00,0
10/10/2022 4:30,0
10/10/2022 5:00,0
10/10/2022 5:30,0
10/10/2022 6:00,0
10/10/2022 6:30,0
10/10/2022 7:00,0
10/10/2022 7:30,0
10/10/2022 8:00,0
10/10/2022 8:30,0
10/10/2022 9:00,0
10/10/2022 9:30,0
10/10/2022 10:00,0
10/10/2022 10:30,0
10/10/2022 11:00,0
10/10/2022 11:30,0
10/10/2022 12:00,0
10/10/2022 12:30,0
10/10/2022 13:00,0
10/10/2022 13:30,0
10/10/2022 14:00,0
10/10/2022 14:30,0
10/10/2022 15:00,0
10/10/2022 15:30,0
10/10/2022 16:00,0
10/10/2022 16:30,0
10/10/2022 17:00,0
10/10/2022 17:30,0
10/10/2022 18:00,0
10/10/2022 18:30,0
10/10/2022 19:00,0
10/10/2022 19:30,0
10/10/2022 20:00,0
10/10/2022 20:30,0
10/10/2022 21:00,0
10/10/2022 21:30,0
10/10/2022 22:00,0
10/10/2022 22:30,0
10/10/2022 23:00,0
10/10/2022 23:30,0
10/11/2022 0:00,0
10/11/2022 0:30,0
10/11/2022 1:00,0
10/11/2022 1:30,0
10/11/2022 2:00,0
10/11/2022 2:30,0
10/11/2022 3:00,0
10/11/2022 3:30,0
10/11/2022 4:00,0
10/11/2022 4:30,0
10/11/2022 5:00,0
10/11/2022 5:30,0
10/11/2022 6:00,0
10/11/2022 6:30,0
10/11/2022 7:00,0
10/11/2022 7:30,0
10/11/2022 8:00,0
10/11/2022 8:30,0
10/11/2022 9:00,0
10/11/2022 9:30,0
10/11/2022 10:00,0
10/11/2022 10:30,0
10/11/2022 11:00,0
10/11/2022 11:30,0
10/11/2022 12:00,0
10/11/2022 12:30,0
10/11/2022 13:00,0
10/11/2022 13:30,0
10/11/2022 14:00,0
10/11/2022 14:30,0
10/11/2022 15:00,0
10/11/2022 15:30,0
10/11/2022 16:00,0
10/11/2022 16:30,0
10/11/2022 17:00,0
10/11/2022 17:30,0
10/11/2022 18:00,0
10/11/2022 18:30,0
10/11/2022 19:00,0
10/11/2022 19:30,0
10/11/2022 20:00,0
10/11/2022 20:30,0
10/11/2022 21:00,0
10/11/2022 21:30,0
10/11/2022 22:00,0
10/11/2022 22:30,0
10/11/2022 23:00,0
10/11/2022 23:30,0
10/12/2022 0:00,0
10/12/2022 0:30,0
10/12/2022 1:00,0
10/12/2022 1:30,0
10/12/2022 2:00,0
10/12/2022 2:30,0
10/12/2022 3:00,0
10/12/2022 3:30,0
10/12/2022 4:00,0
10/12/2022 4:30,0
10/12/2022 5:00,0
10/12/2022 5:30,0
10/12/2022 6:00,0
10/12/2022 6:30,0
10/12/2022 7:00,0
10/12/2022 7:30,0
10/12/2022 8:00,0
10/12/2022 8:30,0
10/12/2022 9:00,0
10/12/2022 9:30,0
10/12/2022 10:00,0
10/12/2022 10:30,0
10/12/2022 11:00,0
10/12/2022 11:30,0
10/12/2022 12:00,0
10/12/2022 12:30,0
10/12/2022 13:00,0
10/12/2022 13:30,0
10/12/2022 14:00,0
10/12/2022 14:30,0
10/12/2022 15:00,0
10/12/2022 15:30,0
10/12/2022 16:00,0
10/12/2022 16:30,0
10/12/2022 17:00,0
10/12/2022 17:30,0
10/12/2022 18:00,0
10/12/2022 18:30,0
10/12/2022 19:00,0
10/12/2022 19:30,0
10/12/2022 20:00,0
10/12/2022 20:30,0
10/12/2022 21:00,0
10/12/2022 21:30,0
10/12/2022 22:00,0
10/12/2022 22:30,0
10/12/2022 23:00,0
10/12/2022 23:30,0
10/13/2022 0:00,0
10/13/2022 0:30,0
10/13/2022 1:00,0
10/13/2022 1:30,0
10/13/2022 2:00,0
10/13/2022 2:30,0
10/13/2022 3:00,0
10/13/2022 3:30,0
10/13/2022 4:00,0
10/13/2022 4:30,0
10/13/2022 5:00,0
10/13/2022 5:30,0
10/13/2022 6:00,0
10/13/2022 6:30,0
10/13/2022 7:00,0
10/13/2022 7:30,0
10/13/2022 8:00,0
10/13/2022 8:30,0
10/13/2022 9:00,0
10/13/2022 9:30,0
10/13/2022 10:00,0
10/13/2022 10:30,0
10/13/2022 11:00,0
10/13/2022 11:30,0
10/13/2022 12:00,0
10/13/2022 12:30,0
10/13/2022 13:00,0
10/13/2022 13:30,0
10/13/2022 14:00,0
10/13/2022 14:30,0
10/13/2022 15:00,0
10/13/2022 15:30,0
10/13/2022 16:00,0
10/13/2022 16:30,0
10/13/2022 17:00,0
10/13/2022 17:30,0
10/13/2022 18:00,0
10/13/2022 18:30,0
10/13/2022 19:00,0
10/13/2022 19:30,0
10/13/2022 20:00,0
10/13/2022 20:30,0
10/13/2022 21:00,0
10/13/2022 21:30,0
10/13/2022 22:00,0
10/13/2022 22:30,0
10/13/2022 23:00,0
10/13/2022 23:30,0
10/14/2022 0:00,0
10/14/2022 0:30,0
10/14/2022 1:00,0
10/14/2022 1:30,0
10/14/2022 2:00,0
10/14/2022 2:30,0
10/14/2022 3:00,0
10/14/2022 3:30,0
10/14/2022 4:00,0
10/14/2022 4:30,0
10/14/2022 5:00,0
10/14/2022 5:30,0
10/14/2022 6:00,0
10/14/2022 6:30,0
10/14/2022 7:00,0
10/14/2022 7:30,0
10/14/2022 8:00,0
10/14/2022 8:30,0
10/14/2022 9:00,0
10/14/2022 9:30,0
10/14/2022 10:00,0
10/14/2022 10:30,0
10/14/2022 11:00,0
10/14/2022 11:30,0
10/14/2022 12:00,0
10/14/2022 12:30,0
10/14/2022 13:00,0
10/14/2022 13:30,0
10/14/2022 14:00,0
10/14/2022 14:30,0
10/14/2022 15:00,0
10/14/2022 15:30,0
10/14/2022 16:00,0
10/14/2022 16:30,0
10/14/2022 17:00,0
10/14/2022 17:30,0
10/14/2022 18:00,0
10/14/2022 18:30,0
10/14/2022 19:00,0
10/14/2022 19:30,0
10/14/2022 20:00,0
10/14/2022 20:30,0
10/14/2022 21:00,0
10/14/2022 21:30,0
10/14/2022 22:00,0
10/14/2022 22:30,0
10/14/2022 23:00,0
10/14/2022 23:30,0
10/15/2022 0:00,0
10/15/2022 0:30,0
10/15/2022 1:00,0
10/15/2022 1:30,0
10/15/2022 2:00,0
10/15/2022 2:30,0
10/15/2022 3:00,0
10/15/2022 3:30,0
10/15/2022 4:00,0
10/15/2022 4:30,0
10/15/2022 5:00,0
10/15/2022 5:30,0
10/15/2022 6:00,0
10/15/2022 6:30,0
10/15/2022 7:00,0
10/15/2022 7:30,0
10/15/2022 8:00,0
10/15/2022 8:30,0
10/15/2022 9:00,0
10/15/2022 9:30,0
10/15/2022 10:00,0
10/15/2022 10:30,0
10/15/2022 11:00,0
10/15/2022 11:30,0
10/15/2022 12:00,0
10/15/2022 12:30,0
10/15/2022 13:00,0
10/15/2022 13:30,0
10/15/2022 14:00,0
10/15/2022 14:30,0
10/15/2022 15:00,0
10/15/2022 15:30,0
10/15/2022 16:00,0
10/15/2022 16:30,0
10/15/2022 17:00,0
10/15/2022 17:30,0
10/15/2022 18:00,0
10/15/2022 18:30,0
10/15/2022 19:00,0
10/15/2022 19:30,0
10/15/2022 20:00,0
10/15/2022 20:30,0
10/15/2022 21:00,0
10/15/2022 21:30,0
10/15/2022 22:00,0
10/15/2022 22:30,0
10/15/2022 23:00,0
10/15/2022 23:30,0
10/16/2022 0:00,0
10/16/2022 0:30,0
10/16/2022 1:00,0
10/16/2022 1:30,0
10/16/2022 2:00,0
10/16/2022 2:30,0
10/16/2022 3:00,0
10/16/2022 3:30,0
10/16/2022 4:00,0
10/16/2022 4:30,0
10/16/2022 5:00,0
10/16/2022 5:30,0
10/16/2022 6:00,0
10/16/2022 6:30,0
10/16/2022 7:00,0
10/16/2022 7:30,0
10/16/2022 8:00,0
10/16/2022 8:30,0
10/16/2022 9:00,0
10/16/2022 9:30,0
10/16/2022 10:00,0
10/16/2022 10:30,0
10/16/2022 11:00,0
10/16/2022 11:30,0
10/16/2022 12:00,0
10/16/2022 12:30,0
10/16/2022 13:00,0
10/16/2022 13:30,0
10/16/2022 14:00,0.8
10/16/2022 14:30,0.7
10/16/2022 15:00,0
10/16/2022 15:30,0
10/16/2022 16:00,0
10/16/2022 16:30,0
10/16/2022 17:00,0
10/16/2022 17:30,0
10/16/2022 18:00,0
10/16/2022 18:30,0
10/16/2022 19:00,0
10/16/2022 19:30,0
10/16/2022 20:00,0
10/16/2022 20:30,0
10/16/2022 21:00,0.1
10/16/2022 21:30,0
10/16/2022 22:00,0
10/16/2022 22:30,0
10/16/2022 23:00,0
10/16/2022 23:30,0
10/17/2022 0:00,0
10/17/2022 0:30,0
10/17/2022 1:00,0
10/17/2022 1:30,0
10/17/2022 2:00,0
10/17/2022 2:30,0
10/17/2022 3:00,0
10/17/2022 3:30,0
10/17/2022 4:00,0
10/17/2022 4:30,0
10/17/2022 5:00,0
10/17/2022 5:30,0
10/17/2022 6:00,0
10/17/2022 6:30,0
10/17/2022 7:00,0
10/17/2022 7:30,0
10/17/2022 8:00,0
10/17/2022 8:30,0
10/17/2022 9:00,0
10/17/2022 9:30,0
10/17/2022 10:00,0
10/17/2022 10:30,0
10/17/2022 11:00,0
10/17/2022 11:30,0
10/17/2022 12:00,0
10/17/2022 12:30,0
10/17/2022 13:00,0
10/17/2022 13:30,0
10/17/2022 14:00,0
10/17/2022 14:30,0
10/17/2022 15:00,0
10/17/2022 15:30,0
10/17/2022 16:00,0
10/17/2022 16:30,0
10/17/2022 17:00,0
10/17/2022 17:30,0
10/17/2022 18:00,0
10/17/2022 18:30,0
10/17/2022 19:00,0
10/17/2022 19:30,0
10/17/2022 20:00,0
10/17/2022 20:30,0
10/17/2022 21:00,0
10/17/2022 21:30,0
10/17/2022 22:00,0
10/17/2022 22:30,0
10/17/2022 23:00,0
10/17/2022 23:30,0
10/18/2022 0:00,0
10/18/2022 0:30,0
10/18/2022 1:00,0
10/18/2022 1:30,0
10/18/2022 2:00,0
10/18/2022 2:30,0
10/18/2022 3:00,0
10/18/2022 3:30,0
10/18/2022 4:00,0
10/18/2022 4:30,0
10/18/2022 5:00,0
10/18/2022 5:30,0
10/18/2022 6:00,0
10/18/2022 6:30,0
10/18/2022 7:00,0
10/18/2022 7:30,0
10/18/2022 8:00,0
10/18/2022 8:30,0
10/18/2022 9:00,0
10/18/2022 9:30,0
10/18/2022 10:00,0
10/18/2022 10:30,0
10/18/2022 11:00,0
10/18/2022 11:30,0
10/18/2022 12:00,0
10/18/2022 12:30,0
10/18/2022 13:00,0
10/18/2022 13:30,0
10/18/2022 14:00,0
10/18/2022 14:30,0
10/18/2022 15:00,0
10/18/2022 15:30,0
10/18/2022 16:00,0
10/18/2022 16:30,0
10/18/2022 17:00,0
10/18/2022 17:30,0
10/18/2022 18:00,0
10/18/2022 18:30,0
10/18/2022 19:00,0
10/18/2022 19:30,0
10/18/2022 20:00,0
10/18/2022 20:30,0
10/18/2022 21:00,0
10/18/2022 21:30,0
10/18/2022 22:00,0
10/18/2022 22:30,0
10/18/2022 23:00,0
10/18/2022 23:30,0
10/19/2022 0:00,0
10/19/2022 0:30,0
10/19/2022 1:00,0
10/19/2022 1:30,0
10/19/2022 2:00,0
10/19/2022 2:30,0
10/19/2022 3:00,0
10/19/2022 3:30,0
10/19/2022 4:00,0
10/19/2022 4:30,0
10/19/2022 5:00,0
10/19/2022 5:30,0
10/19/2022 6:00,0
10/19/2022 6:30,0
10/19/2022 7:00,0
10/19/2022 7:30,0
10/19/2022 8:00,0
10/19/2022 8:30,0
10/19/2022 9:00,0
10/19/2022 9:30,0
10/19/2022 10:00,0
10/19/2022 10:30,0
10/19/2022 11:00,0
10/19/2022 11:30,0
10/19/2022 12:00,0
10/19/2022 12:30,0
10/19/2022 13:00,0
10/19/2022 13:30,0
10/19/2022 14:00,0
10/19/2022 14:30,0
10/19/2022 15:00,0
10/19/2022 15:30,0
10/19/2022 16:00,0
10/19/2022 16:30,0
10/19/2022 17:00,0
10/19/2022 17:30,0
10/19/2022 18:00,0
10/19/2022 18:30,0
10/19/2022 19:00,0
10/19/2022 19:30,0
10/19/2022 20:00,0
10/19/2022 20:30,0
10/19/2022 21:00,0
10/19/2022 21:30,0
10/19/2022 22:00,0
10/19/2022 22:30,0
10/19/2022 23:00,0
10/19/2022 23:30,0
10/20/2022 0:00,0
10/20/2022 0:30,0
10/20/2022 1:00,0
10/20/2022 1:30,0
10/20/2022 2:00,0
10/20/2022 2:30,0
10/20/2022 3:00,0
10/20/2022 3:30,0
10/20/2022 4:00,0
10/20/2022 4:30,0
10/20/2022 5:00,0
10/20/2022 5:30,0
10/20/2022 6:00,0
10/20/2022 6:30,0
10/20/2022 7:00,0
10/20/2022 7:30,0
10/20/2022 8:00,0
10/20/2022 8:30,0
10/20/2022 9:00,0
10/20/2022 9:30,0
10/20/2022 10:00,0
10/20/2022 10:30,0
10/20/2022 11:00,0
10/20/2022 11:30,0
10/20/2022 12:00,0
10/20/2022 12:30,0
10/20/2022 13:00,0
10/20/2022 13:30,0
10/20/2022 14:00,0
10/20/2022 14:30,0
10/20/2022 15:00,0
10/20/2022 15:30,0
10/20/2022 16:00,0
10/20/2022 16:30,0
10/20/2022 17:00,0
10/20/2022 17:30,0
10/20/2022 18:00,0
10/20/2022 18:30,0
10/20/2022 19:00,0
10/20/2022 19:30,0
10/20/2022 20:00,0
10/20/2022 20:30,0
10/20/2022 21:00,0
10/20/2022 21:30,0
10/20/2022 22:00,0
10/20/2022 22:30,0
10/20/2022 23:00,0
10/20/2022 23:30,0
10/21/2022 0:00,0
10/21/2022 0:30,0
10/21/2022 1:00,0
10/21/2022 1:30,0
10/21/2022 2:00,0
10/21/2022 2:30,0
10/21/2022 3:00,0
10/21/2022 3:30,0
10/21/2022 4:00,0
10/21/2022 4:30,0
10/21/2022 5:00,0
10/21/2022 5:30,0
10/21/2022 6:00,0
10/21/2022 6:30,0
10/21/2022 7:00,0
10/21/2022 7:30,0
10/21/2022 8:00,0
10/21/2022 8:30,0
10/21/2022 9:00,0
10/21/2022 9:30,0
10/21/2022 10:00,0
10/21/2022 10:30,0
10/21/2022 11:00,0
10/21/2022 11:30,0
10/21/2022 12:00,0
10/21/2022 12:30,0
10/21/2022 13:00,0
10/21/2022 13:30,0
10/21/2022 14:00,0
10/21/2022 14:30,0
10/21/2022 15:00,0
10/21/2022 15:30,0
10/21/2022 16:00,0
10/21/2022 16:30,0
10/21/2022 17:00,0
10/21/2022 17:30,0
10/21/2022 18:00,0
10/21/2022 18:30,0
10/21/2022 19:00,0
10/21/2022 19:30,0
10/21/2022 20:00,0
10/21/2022 20:30,0
10/21/2022 21:00,0
10/21/2022 21:30,0
10/21/2022 22:00,0
10/21/2022 22:30,0
10/21/2022 23:00,0
10/21/2022 23:30,0
10/22/2022 0:00,0
10/22/2022 0:30,0
10/22/2022 1:00,0
10/22/2022 1:30,0
10/22/2022 2:00,0
10/22/2022 2:30,0
10/22/2022 3:00,0
10/22/2022 3:30,0
10/22/2022 4:00,0
10/22/2022 4:30,0
10/22/2022 5:00,0
10/22/2022 5:30,0
10/22/2022 6:00,0
10/22/2022 6:30,0
10/22/2022 7:00,0
10/22/2022 7:30,0
10/22/2022 8:00,0
10/22/2022 8:30,0
10/22/2022 9:00,0
10/22/2022 9:30,0
10/22/2022 10:00,0
10/22/2022 10:30,0
10/22/2022 11:00,0
10/22/2022 11:30,0
10/22/2022 12:00,0
10/22/2022 12:30,0
10/22/2022 13:00,0
10/22/2022 13:30,0
10/22/2022 14:00,0
10/22/2022 14:30,0
10/22/2022 15:00,0
10/22/2022 15:30,0
10/22/2022 16:00,0
10/22/2022 16:30,0
10/22/2022 17:00,0
10/22/2022 17:30,0
10/22/2022 18:00,0
10/22/2022 18:30,0
10/22/2022 19:00,0
10/22/2022 19:30,0
10/22/2022 20:00,0
10/22/2022 20:30,0
10/22/2022 21:00,0
10/22/2022 21:30,0
10/22/2022 22:00,0
10/22/2022 22:30,0
10/22/2022 23:00,0
10/22/2022 23:30,0
10/23/2022 0:00,0
10/23/2022 0:30,0
10/23/2022 1:00,0
10/23/2022 1:30,0
10/23/2022 2:00,0
10/23/2022 2:30,0
10/23/2022 3:00,0
10/23/2022 3:30,0
10/23/2022 4:00,0
10/23/2022 4:30,0
10/23/2022 5:00,0
10/23/2022 5:30,0
10/23/2022 6:00,0
10/23/2022 6:30,0
10/23/2022 7:00,0
10/23/2022 7:30,0
10/23/2022 8:00,0
10/23/2022 8:30,0
10/23/2022 9:00,0
10/23/2022 9:30,0
10/23/2022 10:00,0
10/23/2022 10:30,0
10/23/2022 11:00,0
10/23/2022 11:30,0
10/23/2022 12:00,0
10/23/2022 12:30,0
10/23/2022 13:00,0
10/23/2022 13:30,0
10/23/2022 14:00,0
10/23/2022 14:30,0
10/23/2022 15:00,0
10/23/2022 15:30,0
10/23/2022 16:00,0
10/23/2022 16:30,0
10/23/2022 17:00,0
10/23/2022 17:30,0
10/23/2022 18:00,0
10/23/2022 18:30,0
10/23/2022 19:00,0
10/23/2022 19:30,0
10/23/2022 20:00,0
10/23/2022 20:30,0
10/23/2022 21:00,0
10/23/2022 21:30,0
10/23/2022 22:00,0
10/23/2022 22:30,0
10/23/2022 23:00,0.2
10/23/2022 23:30,0.2
10/24/2022 0:00,0.1
10/24/2022 0:30,0
10/24/2022 1:00,0
10/24/2022 1:30,0
10/24/2022 2:00,0
10/24/2022 2:30,0
10/24/2022 3:00,0
10/24/2022 3:30,0
10/24/2022 4:00,0
10/24/2022 4:30,0
10/24/2022 5:00,0
10/24/2022 5:30,0
10/24/2022 6:00,0
10/24/2022 6:30,0
10/24/2022 7:00,0
10/24/2022 7:30,0
10/24/2022 8:00,0
10/24/2022 8:30,0
10/24/2022 9:00,0
10/24/2022 9:30,0.6
10/24/2022 10:00,
10/24/2022 10:30,0.7
10/24/2022 11:00,0
10/24/2022 11:30,0
10/24/2022 12:00,0
10/24/2022 12:30,0.1
10/24/2022 13:00,0
10/24/2022 13:30,0
10/24/2022 14:00,0
10/24/2022 14:30,0
10/24/2022 15:00,0
10/24/2022 15:30,0
10/24/2022 16:00,0
10/24/2022 16:30,0
10/24/2022 17:00,0
10/24/2022 17:30,0
10/24/2022 18:00,0
10/24/2022 18:30,0
10/24/2022 19:00,0
10/24/2022 19:30,0
10/24/2022 20:00,0
10/24/2022 20:30,0
10/24/2022 21:00,0
10/24/2022 21:30,0
10/24/2022 22:00,0
10/24/2022 22:30,0
10/24/2022 23:00,0
10/24/2022 23:30,0
10/25/2022 0:00,0
10/25/2022 0:30,0
10/25/2022 1:00,0
10/25/2022 1:30,0
10/25/2022 2:00,0
10/25/2022 2:30,0
10/25/2022 3:00,0
10/25/2022 3:30,0
10/25/2022 4:00,0
10/25/2022 4:30,0
10/25/2022 5:00,0
10/25/2022 5:30,0
10/25/2022 6:00,0
10/25/2022 6:30,0
10/25/2022 7:00,0
10/25/2022 7:30,0
10/25/2022 8:00,0
10/25/2022 8:30,0
10/25/2022 9:00,0
10/25/2022 9:30,0
10/25/2022 10:00,0
10/25/2022 10:30,0
10/25/2022 11:00,0
10/25/2022 11:30,0
10/25/2022 12:00,0
10/25/2022 12:30,0
10/25/2022 13:00,0
10/25/2022 13:30,0
10/25/2022 14:00,0
10/25/2022 14:30,0
10/25/2022 15:00,0
10/25/2022 15:30,0
10/25/2022 16:00,0
10/25/2022 16:30,0
10/25/2022 17:00,0
10/25/2022 17:30,0
10/25/2022 18:00,0
10/25/2022 18:30,0
10/25/2022 19:00,0
10/25/2022 19:30,0
10/25/2022 20:00,0
10/25/2022 20:30,0
10/25/2022 21:00,0
10/25/2022 21:30,0
10/25/2022 22:00,0
10/25/2022 22:30,0
10/25/2022 23:00,0
10/25/2022 23:30,0
10/26/2022 0:00,0
10/26/2022 0:30,0
10/26/2022 1:00,0
10/26/2022 1:30,0
10/26/2022 2:00,0
10/26/2022 2:30,0
10/26/2022 3:00,0
10/26/2022 3:30,0
10/26/2022 4:00,0
10/26/2022 4:30,0
10/26/2022 5:00,0
10/26/2022 5:30,0
10/26/2022 6:00,0
10/26/2022 6:30,0
10/26/2022 7:00,0
10/26/2022 7:30,0
10/26/2022 8:00,0
10/26/2022 8:30,0
10/26/2022 9:00,0
10/26/2022 9:30,0
10/26/2022 10:00,0
10/26/2022 10:30,0
10/26/2022 11:00,0
10/26/2022 11:30,0
10/26/2022 12:00,0
10/26/2022 12:30,0
10/26/2022 13:00,0
10/26/2022 13:30,0
10/26/2022 14:00,0
10/26/2022 14:30,0
10/26/2022 15:00,0
10/26/2022 15:30,0
10/26/2022 16:00,0
10/26/2022 16:30,0
10/26/2022 17:00,0
10/26/2022 17:30,0
10/26/2022 18:00,0
10/26/2022 18:30,0
10/26/2022 19:00,0
10/26/2022 19:30,0
10/26/2022 20:00,0
10/26/2022 20:30,0
10/26/2022 21:00,0
10/26/2022 21:30,0
10/26/2022 22:00,0
10/26/2022 22:30,0
10/26/2022 23:00,0
10/26/2022 23:30,0
10/27/2022 0:00,0
10/27/2022 0:30,0
10/27/2022 1:00,0
10/27/2022 1:30,0
10/27/2022 2:00,0
10/27/2022 2:30,0
10/27/2022 3:00,0
10/27/2022 3:30,0
10/27/2022 4:00,0
10/27/2022 4:30,0
10/27/2022 5:00,0
10/27/2022 5:30,0
10/27/2022 6:00,0
10/27/2022 6:30,0
10/27/2022 7:00,0
10/27/2022 7:30,0
10/27/2022 8:00,0
10/27/2022 8:30,0
10/27/2022 9:00,0
10/27/2022 9:30,0
10/27/2022 10:00,0
10/27/2022 10:30,0
10/27/2022 11:00,0
10/27/2022 11:30,0
10/27/2022 12:00,0
10/27/2022 12:30,0
10/27/2022 13:00,0
10/27/2022 13:30,0
10/27/2022 14:00,0
10/27/2022 14:30,0
10/27/2022 15:00,0
10/27/2022 15:30,0
10/27/2022 16:00,0
10/27/2022 16:30,0
10/27/2022 17:00,0
10/27/2022 17:30,0
10/27/2022 18:00,0
10/27/2022 18:30,0
10/27/2022 19:00,0
10/27/2022 19:30,0
10/27/2022 20:00,0
10/27/2022 20:30,0
10/27/2022 21:00,0
10/27/2022 21:30,0
10/27/2022 22:00,0
10/27/2022 22:30,0
10/27/2022 23:00,0
10/27/2022 23:30,0
10/28/2022 0:00,0
10/28/2022 0:30,0
10/28/2022 1:00,0
10/28/2022 1:30,0
10/28/2022 2:00,0
10/28/2022 2:30,0
10/28/2022 3:00,0
10/28/2022 3:30,0
10/28/2022 4:00,0
10/28/2022 4:30,0
10/28/2022 5:00,0
10/28/2022 5:30,0
10/28/2022 6:00,0
10/28/2022 6:30,0
10/28/2022 7:00,0
10/28/2022 7:30,0
10/28/2022 8:00,0
10/28/2022 8:30,0
10/28/2022 9:00,0
10/28/2022 9:30,0
10/28/2022 10:00,0
10/28/2022 10:30,0
10/28/2022 11:00,0
10/28/2022 11:30,0
10/28/2022 12:00,0
10/28/2022 12:30,0
10/28/2022 13:00,0
10/28/2022 13:30,0
10/28/2022 14:00,0
10/28/2022 14:30,0
10/28/2022 15:00,0
10/28/2022 15:30,0
10/28/2022 16:00,0
10/28/2022 16:30,0
10/28/2022 17:00,0
10/28/2022 17:30,0
10/28/2022 18:00,0
10/28/2022 18:30,0
10/28/2022 19:00,0
10/28/2022 19:30,0
10/28/2022 20:00,0
10/28/2022 20:30,0
10/28/2022 21:00,0
10/28/2022 21:30,0
10/28/2022 22:00,0
10/28/2022 22:30,0
10/28/2022 23:00,0
10/28/2022 23:30,0
10/29/2022 0:00,0
10/29/2022 0:30,0
10/29/2022 1:00,0
10/29/2022 1:30,0
10/29/2022 2:00,0
10/29/2022 2:30,0
10/29/2022 3:00,0
10/29/2022 3:30,0
10/29/2022 4:00,0
10/29/2022 4:30,0
10/29/2022 5:00,0
10/29/2022 5:30,0
10/29/2022 6:00,0
10/29/2022 6:30,0
10/29/2022 7:00,0
10/29/2022 7:30,0
10/29/2022 8:00,0
10/29/2022 8:30,0
10/29/2022 9:00,0
10/29/2022 9:30,0
10/29/2022 10:00,0
10/29/2022 10:30,0
10/29/2022 11:00,0
10/29/2022 11:30,0
10/29/2022 12:00,0
10/29/2022 12:30,0
10/29/2022 13:00,0
10/29/2022 13:30,0
10/29/2022 14:00,0
10/29/2022 14:30,0
10/29/2022 15:00,0
10/29/2022 15:30,0
10/29/2022 16:00,0
10/29/2022 16:30,0
10/29/2022 17:00,0
10/29/2022 17:30,0
10/29/2022 18:00,0
10/29/2022 18:30,0
10/29/2022 19:00,0
10/29/2022 19:30,0
10/29/2022 20:00,0
10/29/2022 20:30,0
10/29/2022 21:00,0
10/29/2022 21:30,0
10/29/2022 22:00,0
10/29/2022 22:30,0
10/29/2022 23:00,0
10/29/2022 23:30,0
10/30/2022 0:00,0
10/30/2022 0:30,0
10/30/2022 1:00,0
10/30/2022 1:30,0
10/30/2022 2:00,0
10/30/2022 2:30,0
10/30/2022 3:00,0
10/30/2022 3:30,0
10/30/2022 4:00,0
10/30/2022 4:30,0
10/30/2022 5:00,0
10/30/2022 5:30,0
10/30/2022 6:00,0
10/30/2022 6:30,0
10/30/2022 7:00,0
10/30/2022 7:30,0
10/30/2022 8:00,0
10/30/2022 8:30,0
10/30/2022 9:00,0
10/30/2022 9:30,0
10/30/2022 10:00,0
10/30/2022 10:30,0
10/30/2022 11:00,0
10/30/2022 11:30,0
10/30/2022 12:00,0
10/30/2022 12:30,0
10/30/2022 13:00,0
10/30/2022 13:30,0
10/30/2022 14:00,0
10/30/2022 14:30,0
10/30/2022 15:00,0
10/30/2022 15:30,0
10/30/2022 16:00,0
10/30/2022 16:30,0
10/30/2022 17:00,0
10/30/2022 17:30,0
10/30/2022 18:00,0
10/30/2022 18:30,0
10/30/2022 19:00,0
10/30/2022 19:30,0
10/30/2022 20:00,0
10/30/2022 20:30,0
10/30/2022 21:00,0
10/30/2022 21:30,0
10/30/2022 22:00,0
10/30/2022 22:30,0
10/30/2022 23:00,0
10/30/2022 23:30,0
10/31/2022 0:00,0
10/31/2022 0:30,0
10/31/2022 1:00,0
10/31/2022 1:30,0
10/31/2022 2:00,0
10/31/2022 2:30,0
10/31/2022 3:00,0
10/31/2022 3:30,0
10/31/2022 4:00,0
10/31/2022 4:30,0
10/31/2022 5:00,0
10/31/2022 5:30,0
10/31/2022 6:00,0
10/31/2022 6:30,0
10/31/2022 7:00,0
10/31/2022 7:30,0
10/31/2022 8:00,0
10/31/2022 8:30,0
10/31/2022 9:00,0
10/31/2022 9:30,0
10/31/2022 10:00,0
10/31/2022 10:30,0
10/31/2022 11:00,0
10/31/2022 11:30,0
10/31/2022 12:00,0
10/31/2022 12:30,0
10/31/2022 13:00,0
10/31/2022 13:30,0
10/31/2022 14:00,0
10/31/2022 14:30,0
10/31/2022 15:00,0
10/31/2022 15:30,0
10/31/2022 16:00,0
10/31/2022 16:30,0
10/31/2022 17:00,0
10/31/2022 17:30,0
10/31/2022 18:00,0
10/31/2022 18:30,0
10/31/2022 19:00,0
10/31/2022 19:30,0
10/31/2022 20:00,0
10/31/2022 20:30,0
10/31/2022 21:00,0
10/31/2022 21:30,0
10/31/2022 22:00,0
10/31/2022 22:30,0
10/31/2022 23:00,0
10/31/2022 23:30,0
11/1/2022 0:00,0
11/1/2022 0:30,0
11/1/2022 1:00,0
11/1/2022 1:30,0
11/1/2022 2:00,0
11/1/2022 2:30,0
11/1/2022 3:00,0
11/1/2022 3:30,0
11/1/2022 4:00,0
11/1/2022 4:30,0
11/1/2022 5:00,0
11/1/2022 5:30,0
11/1/2022 6:00,0
11/1/2022 6:30,0
11/1/2022 7:00,0
11/1/2022 7:30,0
11/1/2022 8:00,0
11/1/2022 8:30,0
11/1/2022 9:00,0
11/1/2022 9:30,0
11/1/2022 10:00,0
11/1/2022 10:30,0
11/1/2022 11:00,0
11/1/2022 11:30,0
11/1/2022 12:00,0
11/1/2022 12:30,0
11/1/2022 13:00,0
11/1/2022 13:30,0
11/1/2022 14:00,0
11/1/2022 14:30,0
11/1/2022 15:00,0
11/1/2022 15:30,0
11/1/2022 16:00,0
11/1/2022 16:30,0
11/1/2022 17:00,0
11/1/2022 17:30,0
11/1/2022 18:00,0
11/1/2022 18:30,0
11/1/2022 19:00,0
11/1/2022 19:30,0
11/1/2022 20:00,0
11/1/2022 20:30,0
11/1/2022 21:00,0
11/1/2022 21:30,0
11/1/2022 22:00,0
11/1/2022 22:30,0
11/1/2022 23:00,0
11/1/2022 23:30,0
11/2/2022 0:00,0
11/2/2022 0:30,0
11/2/2022 1:00,0
11/2/2022 1:30,0
11/2/2022 2:00,0
11/2/2022 2:30,0
11/2/2022 3:00,0
11/2/2022 3:30,0
11/2/2022 4:00,0
11/2/2022 4:30,0
11/2/2022 5:00,0
11/2/2022 5:30,0
11/2/2022 6:00,0
11/2/2022 6:30,0
11/2/2022 7:00,0
11/2/2022 7:30,0
11/2/2022 8:00,0
11/2/2022 8:30,0
11/2/2022 9:00,0
11/2/2022 9:30,0
11/2/2022 10:00,0
11/2/2022 10:30,0
11/2/2022 11:00,0
11/2/2022 11:30,0
11/2/2022 12:00,0
11/2/2022 12:30,0
11/2/2022 13:00,0
11/2/2022 13:30,0
11/2/2022 14:00,0
11/2/2022 14:30,0
11/2/2022 15:00,0
11/2/2022 15:30,0
11/2/2022 16:00,0
11/2/2022 16:30,0
11/2/2022 17:00,0
11/2/2022 17:30,0
11/2/2022 18:00,0
11/2/2022 18:30,0
11/2/2022 19:00,0
11/2/2022 19:30,0
11/2/2022 20:00,0
11/2/2022 20:30,0
11/2/2022 21:00,0
11/2/2022 21:30,0
11/2/2022 22:00,0
11/2/2022 22:30,0
11/2/2022 23:00,0
11/2/2022 23:30,0
11/3/2022 0:00,0
11/3/2022 0:30,0
11/3/2022 1:00,0
11/3/2022 1:30,0
11/3/2022 2:00,0
11/3/2022 2:30,0
11/3/2022 3:00,0
11/3/2022 3:30,0
11/3/2022 4:00,0
11/3/2022 4:30,0
11/3/2022 5:00,0
11/3/2022 5:30,0
11/3/2022 6:00,0
11/3/2022 6:30,0
11/3/2022 7:00,0
11/3/2022 7:30,0
11/3/2022 8:00,0
11/3/2022 8:30,0
11/3/2022 9:00,0
11/3/2022 9:30,0
11/3/2022 10:00,0
11/3/2022 10:30,0
11/3/2022 11:00,0
11/3/2022 11:30,0
11/3/2022 12:00,0
11/3/2022 12:30,0
11/3/2022 13:00,0
11/3/2022 13:30,0
11/3/2022 14:00,0
11/3/2022 14:30,0
11/3/2022 15:00,0
11/3/2022 15:30,0
11/3/2022 16:00,0
11/3/2022 16:30,0
11/3/2022 17:00,0
11/3/2022 17:30,0
11/3/2022 18:00,0
11/3/2022 18:30,0
11/3/2022 19:00,0
11/3/2022 19:30,0
11/3/2022 20:00,0
11/3/2022 20:30,0
11/3/2022 21:00,0
11/3/2022 21:30,0
11/3/2022 22:00,0
11/3/2022 22:30,0
11/3/2022 23:00,0
11/3/2022 23:30,0
11/4/2022 0:00,0
11/4/2022 0:30,0
11/4/2022 1:00,0
11/4/2022 1:30,0
11/4/2022 2:00,0
11/4/2022 2:30,0
11/4/2022 3:00,0
11/4/2022 3:30,0
11/4/2022 4:00,0
11/4/2022 4:30,0
11/4/2022 5:00,0
11/4/2022 5:30,0
11/4/2022 6:00,0
11/4/2022 6:30,0
11/4/2022 7:00,0
11/4/2022 7:30,0
11/4/2022 8:00,0
11/4/2022 8:30,0
11/4/2022 9:00,0
11/4/2022 9:30,0
11/4/2022 10:00,0
11/4/2022 10:30,0
11/4/2022 11:00,0
11/4/2022 11:30,0
11/4/2022 12:00,0
11/4/2022 12:30,0
11/4/2022 13:00,0
11/4/2022 13:30,0
11/4/2022 14:00,0
11/4/2022 14:30,0
11/4/2022 15:00,0
11/4/2022 15:30,0
11/4/2022 16:00,0
11/4/2022 16:30,0
11/4/2022 17:00,0
11/4/2022 17:30,0
11/4/2022 18:00,0
11/4/2022 18:30,0
11/4/2022 19:00,0
11/4/2022 19:30,0
11/4/2022 20:00,0
11/4/2022 20:30,0
11/4/2022 21:00,0
11/4/2022 21:30,0
11/4/2022 22:00,0
11/4/2022 22:30,0
11/4/2022 23:00,0
11/4/2022 23:30,0
11/5/2022 0:00,0
11/5/2022 0:30,0
11/5/2022 1:00,0
11/5/2022 1:30,0
11/5/2022 2:00,0
11/5/2022 2:30,0
11/5/2022 3:00,0
11/5/2022 3:30,0
11/5/2022 4:00,0
11/5/2022 4:30,0
11/5/2022 5:00,0
11/5/2022 5:30,0
11/5/2022 6:00,0
11/5/2022 6:30,0
11/5/2022 7:00,0
11/5/2022 7:30,0
11/5/2022 8:00,0
11/5/2022 8:30,0
11/5/2022 9:00,0
11/5/2022 9:30,0
11/5/2022 10:00,0
11/5/2022 10:30,0
11/5/2022 11:00,0
11/5/2022 11:30,0
11/5/2022 12:00,0
11/5/2022 12:30,0
11/5/2022 13:00,0
11/5/2022 13:30,0
11/5/2022 14:00,0
11/5/2022 14:30,0
11/5/2022 15:00,0
11/5/2022 15:30,0
11/5/2022 16:00,0
11/5/2022 16:30,0
11/5/2022 17:00,0
11/5/2022 17:30,0
11/5/2022 18:00,0
11/5/2022 18:30,0
11/5/2022 19:00,0
11/5/2022 19:30,0
11/5/2022 20:00,0
11/5/2022 20:30,0
11/5/2022 21:00,0
11/5/2022 21:30,0
11/5/2022 22:00,0
11/5/2022 22:30,0
11/5/2022 23:00,0
11/5/2022 23:30,0
11/6/2022 0:00,0
11/6/2022 0:30,0
11/6/2022 1:00,0
11/6/2022 1:30,0
11/6/2022 2:00,0
11/6/2022 2:30,0
11/6/2022 3:00,0
11/6/2022 3:30,0
11/6/2022 4:00,0
11/6/2022 4:30,0
11/6/2022 5:00,0
11/6/2022 5:30,0
11/6/2022 6:00,0
11/6/2022 6:30,0
11/6/2022 7:00,0
11/6/2022 7:30,0
11/6/2022 8:00,0
11/6/2022 8:30,0
11/6/2022 9:00,0
11/6/2022 9:30,0
11/6/2022 10:00,0
11/6/2022 10:30,0
11/6/2022 11:00,0
11/6/2022 11:30,0
11/6/2022 12:00,0
11/6/2022 12:30,0
11/6/2022 13:00,0
11/6/2022 13:30,0
11/6/2022 14:00,0
11/6/2022 14:30,0
11/6/2022 15:00,0
11/6/2022 15:30,0
11/6/2022 16:00,0
11/6/2022 16:30,0
11/6/2022 17:00,0
11/6/2022 17:30,0
11/6/2022 18:00,0
11/6/2022 18:30,0
11/6/2022 19:00,0
11/6/2022 19:30,0
11/6/2022 20:00,0
11/6/2022 20:30,0
11/6/2022 21:00,0
11/6/2022 21:30,0
11/6/2022 22:00,0
11/6/2022 22:30,0
11/6/2022 23:00,0
11/6/2022 23:30,0
11/7/2022 0:00,0
11/7/2022 0:30,0
11/7/2022 1:00,0
11/7/2022 1:30,0
11/7/2022 2:00,0
11/7/2022 2:30,0
11/7/2022 3:00,0
11/7/2022 3:30,0
11/7/2022 4:00,0
11/7/2022 4:30,0
11/7/2022 5:00,0
11/7/2022 5:30,0
11/7/2022 6:00,0
11/7/2022 6:30,0
11/7/2022 7:00,0
11/7/2022 7:30,0
11/7/2022 8:00,0
11/7/2022 8:30,0
11/7/2022 9:00,0
11/7/2022 9:30,0
11/7/2022 10:00,0
11/7/2022 10:30,0
11/7/2022 11:00,0
11/7/2022 11:30,0
11/7/2022 12:00,0
11/7/2022 12:30,0
11/7/2022 13:00,0
11/7/2022 13:30,0
11/7/2022 14:00,0
11/7/2022 14:30,0
11/7/2022 15:00,0
11/7/2022 15:30,0
11/7/2022 16:00,0
11/7/2022 16:30,0
11/7/2022 17:00,0
11/7/2022 17:30,0
11/7/2022 18:00,0
11/7/2022 18:30,0
11/7/2022 19:00,0
11/7/2022 19:30,0
11/7/2022 20:00,0
11/7/2022 20:30,0
11/7/2022 21:00,0
11/7/2022 21:30,0
11/7/2022 22:00,0
11/7/2022 22:30,0
11/7/2022 23:00,0
11/7/2022 23:30,0
11/8/2022 0:00,0
11/8/2022 0:30,0
11/8/2022 1:00,0
11/8/2022 1:30,0
11/8/2022 2:00,0
11/8/2022 2:30,0
11/8/2022 3:00,0
11/8/2022 3:30,0
11/8/2022 4:00,0
11/8/2022 4:30,0
11/8/2022 5:00,0
11/8/2022 5:30,0
11/8/2022 6:00,0
11/8/2022 6:30,0
11/8/2022 7:00,0
11/8/2022 7:30,0
11/8/2022 8:00,0
11/8/2022 8:30,0
11/8/2022 9:00,0
11/8/2022 9:30,0
11/8/2022 10:00,0
11/8/2022 10:30,0
11/8/2022 11:00,0
11/8/2022 11:30,0
11/8/2022 12:00,0
11/8/2022 12:30,0
11/8/2022 13:00,0
11/8/2022 13:30,0
11/8/2022 14:00,0
11/8/2022 14:30,0
11/8/2022 15:00,0
11/8/2022 15:30,0
11/8/2022 16:00,0
11/8/2022 16:30,0
11/8/2022 17:00,0
11/8/2022 17:30,0
11/8/2022 18:00,0
11/8/2022 18:30,0
11/8/2022 19:00,0
11/8/2022 19:30,0
11/8/2022 20:00,0
11/8/2022 20:30,0
11/8/2022 21:00,0
11/8/2022 21:30,0
11/8/2022 22:00,0
11/8/2022 22:30,0
11/8/2022 23:00,0
11/8/2022 23:30,0
11/9/2022 0:00,0
11/9/2022 0:30,0
11/9/2022 1:00,0
11/9/2022 1:30,0
11/9/2022 2:00,0
11/9/2022 2:30,0
11/9/2022 3:00,0
11/9/2022 3:30,0
11/9/2022 4:00,0
11/9/2022 4:30,0
11/9/2022 5:00,0
11/9/2022 5:30,0
11/9/2022 6:00,0
11/9/2022 6:30,0
11/9/2022 7:00,0
11/9/2022 7:30,0
11/9/2022 8:00,0
11/9/2022 8:30,0
11/9/2022 9:00,0
11/9/2022 9:30,0
11/9/2022 10:00,0
11/9/2022 10:30,0
11/9/2022 11:00,0
11/9/2022 11:30,0
11/9/2022 12:00,0
11/9/2022 12:30,0
11/9/2022 13:00,0
11/9/2022 13:30,0
11/9/2022 14:00,0
11/9/2022 14:30,0
11/9/2022 15:00,0
11/9/2022 15:30,0
11/9/2022 16:00,0
11/9/2022 16:30,0
11/9/2022 17:00,0
11/9/2022 17:30,0
11/9/2022 18:00,0
11/9/2022 18:30,0
11/9/2022 19:00,0
11/9/2022 19:30,0
11/9/2022 20:00,0
11/9/2022 20:30,0
11/9/2022 21:00,0
11/9/2022 21:30,0
11/9/2022 22:00,0
11/9/2022 22:30,0
11/9/2022 23:00,0
11/9/2022 23:30,0
11/10/2022 0:00,0
11/10/2022 0:30,0
11/10/2022 1:00,0
11/10/2022 1:30,0
11/10/2022 2:00,0
11/10/2022 2:30,0
11/10/2022 3:00,0
11/10/2022 3:30,0
11/10/2022 4:00,0
11/10/2022 4:30,0
11/10/2022 5:00,0
11/10/2022 5:30,0
11/10/2022 6:00,0
11/10/2022 6:30,0
11/10/2022 7:00,0
11/10/2022 7:30,0
11/10/2022 8:00,0
11/10/2022 8:30,0
11/10/2022 9:00,0
11/10/2022 9:30,0
11/10/2022 10:00,0
11/10/2022 10:30,0
11/10/2022 11:00,0
11/10/2022 11:30,0
11/10/2022 12:00,0
11/10/2022 12:30,0
11/10/2022 13:00,0
11/10/2022 13:30,0
11/10/2022 14:00,0
11/10/2022 14:30,0
11/10/2022 15:00,0
11/10/2022 15:30,0
11/10/2022 16:00,0
11/10/2022 16:30,0
11/10/2022 17:00,0
11/10/2022 17:30,0
11/10/2022 18:00,0
11/10/2022 18:30,0
11/10/2022 19:00,0
11/10/2022 19:30,0
11/10/2022 20:00,0
11/10/2022 20:30,0
11/10/2022 21:00,0
11/10/2022 21:30,0
11/10/2022 22:00,0
11/10/2022 22:30,0
11/10/2022 23:00,0
11/10/2022 23:30,0
11/11/2022 0:00,0
11/11/2022 0:30,0
11/11/2022 1:00,0
11/11/2022 1:30,0
11/11/2022 2:00,0
11/11/2022 2:30,0
11/11/2022 3:00,0
11/11/2022 3:30,0
11/11/2022 4:00,0
11/11/2022 4:30,0
11/11/2022 5:00,0
11/11/2022 5:30,0
11/11/2022 6:00,0
11/11/2022 6:30,0
11/11/2022 7:00,0
11/11/2022 7:30,0
11/11/2022 8:00,0
11/11/2022 8:30,0
11/11/2022 9:00,0
11/11/2022 9:30,0
11/11/2022 10:00,0
11/11/2022 10:30,0
11/11/2022 11:00,0
11/11/2022 11:30,0
11/11/2022 12:00,0
11/11/2022 12:30,0
11/11/2022 13:00,0
11/11/2022 13:30,0
11/11/2022 14:00,0
11/11/2022 14:30,0
11/11/2022 15:00,0
11/11/2022 15:30,0
11/11/2022 16:00,0
11/11/2022 16:30,0
11/11/2022 17:00,0
11/11/2022 17:30,0
11/11/2022 18:00,0
11/11/2022 18:30,0
11/11/2022 19:00,0
11/11/2022 19:30,0
11/11/2022 20:00,0
11/11/2022 20:30,0
11/11/2022 21:00,0
11/11/2022 21:30,0
11/11/2022 22:00,0
11/11/2022 22:30,0
11/11/2022 23:00,0
11/11/2022 23:30,0
11/12/2022 0:00,0
11/12/2022 0:30,0
11/12/2022 1:00,0
11/12/2022 1:30,0
11/12/2022 2:00,0
11/12/2022 2:30,0
11/12/2022 3:00,0
11/12/2022 3:30,0
11/12/2022 4:00,0
11/12/2022 4:30,0
11/12/2022 5:00,0
11/12/2022 5:30,0
11/12/2022 6:00,0
11/12/2022 6:30,0
11/12/2022 7:00,0
11/12/2022 7:30,0
11/12/2022 8:00,0
11/12/2022 8:30,0
11/12/2022 9:00,0
11/12/2022 9:30,0
11/12/2022 10:00,0
11/12/2022 10:30,0
11/12/2022 11:00,0
11/12/2022 11:30,0
11/12/2022 12:00,0
11/12/2022 12:30,0
11/12/2022 13:00,0
11/12/2022 13:30,0
11/12/2022 14:00,0
11/12/2022 14:30,0
11/12/2022 15:00,0
11/12/2022 15:30,0
11/12/2022 16:00,0
11/12/2022 16:30,0
11/12/2022 17:00,0
11/12/2022 17:30,0
11/12/2022 18:00,0
11/12/2022 18:30,0
11/12/2022 19:00,0
11/12/2022 19:30,0
11/12/2022 20:00,0
11/12/2022 20:30,0
11/12/2022 21:00,0
11/12/2022 21:30,0
11/12/2022 22:00,0
11/12/2022 22:30,0
11/12/2022 23:00,0
11/12/2022 23:30,0
11/13/2022 0:00,0
11/13/2022 0:30,0
11/13/2022 1:00,0
11/13/2022 1:30,0
11/13/2022 2:00,0
11/13/2022 2:30,0
11/13/2022 3:00,0
11/13/2022 3:30,0
11/13/2022 4:00,0
11/13/2022 4:30,0
11/13/2022 5:00,0
11/13/2022 5:30,0
11/13/2022 6:00,0
11/13/2022 6:30,0
11/13/2022 7:00,0
11/13/2022 7:30,0
11/13/2022 8:00,0
11/13/2022 8:30,0
11/13/2022 9:00,0
11/13/2022 9:30,0
11/13/2022 10:00,0
11/13/2022 10:30,0
11/13/2022 11:00,0
11/13/2022 11:30,0
11/13/2022 12:00,0
11/13/2022 12:30,0
11/13/2022 13:00,0
11/13/2022 13:30,0
11/13/2022 14:00,0
11/13/2022 14:30,0
11/13/2022 15:00,0
11/13/2022 15:30,0
11/13/2022 16:00,0
11/13/2022 16:30,0
11/13/2022 17:00,0
11/13/2022 17:30,0
11/13/2022 18:00,0
11/13/2022 18:30,0
11/13/2022 19:00,0
11/13/2022 19:30,0
11/13/2022 20:00,0
11/13/2022 20:30,0
11/13/2022 21:00,0
11/13/2022 21:30,0
11/13/2022 22:00,0
11/13/2022 22:30,0
11/13/2022 23:00,0
11/13/2022 23:30,0
11/14/2022 0:00,0
11/14/2022 0:30,0
11/14/2022 1:00,0
11/14/2022 1:30,0
11/14/2022 2:00,0
11/14/2022 2:30,0
11/14/2022 3:00,0
11/14/2022 3:30,0
11/14/2022 4:00,0
11/14/2022 4:30,0
11/14/2022 5:00,0
11/14/2022 5:30,0
11/14/2022 6:00,0
11/14/2022 6:30,0
11/14/2022 7:00,0
11/14/2022 7:30,0
11/14/2022 8:00,0
11/14/2022 8:30,0
11/14/2022 9:00,0
11/14/2022 9:30,0
11/14/2022 10:00,0
11/14/2022 10:30,0
11/14/2022 11:00,0
11/14/2022 11:30,0
11/14/2022 12:00,0
11/14/2022 12:30,0
11/14/2022 13:00,0
11/14/2022 13:30,0
11/14/2022 14:00,0
11/14/2022 14:30,0
11/14/2022 15:00,0
11/14/2022 15:30,0
11/14/2022 16:00,0
11/14/2022 16:30,0
11/14/2022 17:00,0
11/14/2022 17:30,0
11/14/2022 18:00,0
11/14/2022 18:30,0
11/14/2022 19:00,0
11/14/2022 19:30,0
11/14/2022 20:00,0
11/14/2022 20:30,0
11/14/2022 21:00,0
11/14/2022 21:30,0
11/14/2022 22:00,0
11/14/2022 22:30,0
11/14/2022 23:00,0
11/14/2022 23:30,0
11/15/2022 0:00,0
11/15/2022 0:30,0
11/15/2022 1:00,0
11/15/2022 1:30,0
11/15/2022 2:00,0
11/15/2022 2:30,0
11/15/2022 3:00,0
11/15/2022 3:30,0
11/15/2022 4:00,0
11/15/2022 4:30,0
11/15/2022 5:00,0
11/15/2022 5:30,0
11/15/2022 6:00,0
11/15/2022 6:30,0
11/15/2022 7:00,0
11/15/2022 7:30,0
11/15/2022 8:00,0
11/15/2022 8:30,0
11/15/2022 9:00,0
11/15/2022 9:30,0
11/15/2022 10:00,0
11/15/2022 10:30,0
11/15/2022 11:00,0
11/15/2022 11:30,0
11/15/2022 12:00,0
11/15/2022 12:30,0
11/15/2022 13:00,0
11/15/2022 13:30,0
11/15/2022 14:00,0
11/15/2022 14:30,0
11/15/2022 15:00,0
11/15/2022 15:30,0
11/15/2022 16:00,0
11/15/2022 16:30,0
11/15/2022 17:00,0
11/15/2022 17:30,0
11/15/2022 18:00,0
11/15/2022 18:30,0
11/15/2022 19:00,0
11/15/2022 19:30,0
11/15/2022 20:00,0
11/15/2022 20:30,0
11/15/2022 21:00,0
11/15/2022 21:30,0
11/15/2022 22:00,0
11/15/2022 22:30,0
11/15/2022 23:00,0
11/15/2022 23:30,0
11/16/2022 0:00,0
11/16/2022 0:30,0
11/16/2022 1:00,0
11/16/2022 1:30,0
11/16/2022 2:00,0
11/16/2022 2:30,0
11/16/2022 3:00,0
11/16/2022 3:30,0
11/16/2022 4:00,0
11/16/2022 4:30,0
11/16/2022 5:00,0
11/16/2022 5:30,0
11/16/2022 6:00,0
11/16/2022 6:30,0
11/16/2022 7:00,0
11/16/2022 7:30,0
11/16/2022 8:00,0
11/16/2022 8:30,0
11/16/2022 9:00,0
11/16/2022 9:30,0
11/16/2022 10:00,0
11/16/2022 10:30,0
11/16/2022 11:00,0
11/16/2022 11:30,0
11/16/2022 12:00,0
11/16/2022 12:30,0
11/16/2022 13:00,0
11/16/2022 13:30,0
11/16/2022 14:00,0
11/16/2022 14:30,0
11/16/2022 15:00,0
11/16/2022 15:30,0
11/16/2022 16:00,0
11/16/2022 16:30,0
11/16/2022 17:00,0
11/16/2022 17:30,0
11/16/2022 18:00,0
11/16/2022 18:30,0
11/16/2022 19:00,0
11/16/2022 19:30,0
11/16/2022 20:00,0
11/16/2022 20:30,0
11/16/2022 21:00,0
11/16/2022 21:30,0
11/16/2022 22:00,0
11/16/2022 22:30,0
11/16/2022 23:00,0
11/16/2022 23:30,0
11/17/2022 0:00,0
11/17/2022 0:30,0
11/17/2022 1:00,0
11/17/2022 1:30,0
11/17/2022 2:00,0
11/17/2022 2:30,0
11/17/2022 3:00,0
11/17/2022 3:30,0
11/17/2022 4:00,0
11/17/2022 4:30,0
11/17/2022 5:00,0
11/17/2022 5:30,0
11/17/2022 6:00,0
11/17/2022 6:30,0
11/17/2022 7:00,0
11/17/2022 7:30,0
11/17/2022 8:00,0
11/17/2022 8:30,0
11/17/2022 9:00,0
11/17/2022 9:30,0
11/17/2022 10:00,0
11/17/2022 10:30,0
11/17/2022 11:00,0
11/17/2022 11:30,0
11/17/2022 12:00,0
11/17/2022 12:30,0
11/17/2022 13:00,0
11/17/2022 13:30,0
11/17/2022 14:00,0
11/17/2022 14:30,0
11/17/2022 15:00,0
11/17/2022 15:30,0
11/17/2022 16:00,0
11/17/2022 16:30,0
11/17/2022 17:00,0
11/17/2022 17:30,0
11/17/2022 18:00,0
11/17/2022 18:30,0
11/17/2022 19:00,0
11/17/2022 19:30,0
11/17/2022 20:00,0
11/17/2022 20:30,0
11/17/2022 21:00,0
11/17/2022 21:30,0
11/17/2022 22:00,0
11/17/2022 22:30,0
11/17/2022 23:00,0
11/17/2022 23:30,0
11/18/2022 0:00,0
11/18/2022 0:30,0
11/18/2022 1:00,0
11/18/2022 1:30,0
11/18/2022 2:00,0
11/18/2022 2:30,0
11/18/2022 3:00,0
11/18/2022 3:30,0
11/18/2022 4:00,0
11/18/2022 4:30,0
11/18/2022 5:00,0
11/18/2022 5:30,0
11/18/2022 6:00,0
11/18/2022 6:30,0
11/18/2022 7:00,0
11/18/2022 7:30,0
11/18/2022 8:00,0
11/18/2022 8:30,0
11/18/2022 9:00,0
11/18/2022 9:30,0
11/18/2022 10:00,0
11/18/2022 10:30,0
11/18/2022 11:00,0
11/18/2022 11:30,0
11/18/2022 12:00,0
11/18/2022 12:30,0
11/18/2022 13:00,0
11/18/2022 13:30,0
11/18/2022 14:00,0
11/18/2022 14:30,0
11/18/2022 15:00,0
11/18/2022 15:30,0
11/18/2022 16:00,0
11/18/2022 16:30,0
11/18/2022 17:00,0
11/18/2022 17:30,0
11/18/2022 18:00,0
11/18/2022 18:30,0
11/18/2022 19:00,0
11/18/2022 19:30,0
11/18/2022 20:00,0
11/18/2022 20:30,0
11/18/2022 21:00,0
11/18/2022 21:30,0
11/18/2022 22:00,0
11/18/2022 22:30,0
11/18/2022 23:00,0
11/18/2022 23:30,0
11/19/2022 0:00,0
11/19/2022 0:30,0
11/19/2022 1:00,0
11/19/2022 1:30,0
11/19/2022 2:00,0
11/19/2022 2:30,0
11/19/2022 3:00,0
11/19/2022 3:30,0
11/19/2022 4:00,0
11/19/2022 4:30,0
11/19/2022 5:00,0
11/19/2022 5:30,0
11/19/2022 6:00,0
11/19/2022 6:30,0
11/19/2022 7:00,0
11/19/2022 7:30,0
11/19/2022 8:00,0
11/19/2022 8:30,0
11/19/2022 9:00,0
11/19/2022 9:30,0
11/19/2022 10:00,0
11/19/2022 10:30,0
11/19/2022 11:00,0
11/19/2022 11:30,0
11/19/2022 12:00,0
11/19/2022 12:30,0
11/19/2022 13:00,0
11/19/2022 13:30,0
11/19/2022 14:00,0
11/19/2022 14:30,0
11/19/2022 15:00,0
11/19/2022 15:30,0
11/19/2022 16:00,0
11/19/2022 16:30,0
11/19/2022 17:00,0
11/19/2022 17:30,0
11/19/2022 18:00,0
11/19/2022 18:30,0
11/19/2022 19:00,0
11/19/2022 19:30,0
11/19/2022 20:00,0
11/19/2022 20:30,0
11/19/2022 21:00,0
11/19/2022 21:30,0
11/19/2022 22:00,0
11/19/2022 22:30,0
11/19/2022 23:00,0
11/19/2022 23:30,0
11/20/2022 0:00,0
11/20/2022 0:30,0
11/20/2022 1:00,0
11/20/2022 1:30,0
11/20/2022 2:00,0
11/20/2022 2:30,0
11/20/2022 3:00,0
11/20/2022 3:30,0
11/20/2022 4:00,0
11/20/2022 4:30,0
11/20/2022 5:00,0
11/20/2022 5:30,0
11/20/2022 6:00,0
11/20/2022 6:30,0
11/20/2022 7:00,0
11/20/2022 7:30,0
11/20/2022 8:00,0
11/20/2022 8:30,0
11/20/2022 9:00,0
11/20/2022 9:30,0
11/20/2022 10:00,0
11/20/2022 10:30,0
11/20/2022 11:00,0
11/20/2022 11:30,0
11/20/2022 12:00,0
11/20/2022 12:30,0
11/20/2022 13:00,0
11/20/2022 13:30,0
11/20/2022 14:00,0
11/20/2022 14:30,0
11/20/2022 15:00,0
11/20/2022 15:30,0
11/20/2022 16:00,0
11/20/2022 16:30,0
11/20/2022 17:00,0
11/20/2022 17:30,0
11/20/2022 18:00,0
11/20/2022 18:30,0
11/20/2022 19:00,0
11/20/2022 19:30,0
11/20/2022 20:00,0
11/20/2022 20:30,0
11/20/2022 21:00,0
11/20/2022 21:30,0
11/20/2022 22:00,0
11/20/2022 22:30,0
11/20/2022 23:00,0
11/20/2022 23:30,0
11/21/2022 0:00,0
11/21/2022 0:30,0
11/21/2022 1:00,0
11/21/2022 1:30,0
11/21/2022 2:00,0
11/21/2022 2:30,0
11/21/2022 3:00,0
11/21/2022 3:30,0
11/21/2022 4:00,0
11/21/2022 4:30,0
11/21/2022 5:00,0
11/21/2022 5:30,0
11/21/2022 6:00,0
11/21/2022 6:30,0
11/21/2022 7:00,0
11/21/2022 7:30,0
11/21/2022 8:00,0
11/21/2022 8:30,0
11/21/2022 9:00,0
11/21/2022 9:30,0
11/21/2022 10:00,0
11/21/2022 10:30,0
11/21/2022 11:00,0
11/21/2022 11:30,0
11/21/2022 12:00,0
11/21/2022 12:30,0
11/21/2022 13:00,0
11/21/2022 13:30,0
11/21/2022 14:00,0
11/21/2022 14:30,0
11/21/2022 15:00,0
11/21/2022 15:30,0
11/21/2022 16:00,0
11/21/2022 16:30,0
11/21/2022 17:00,0
11/21/2022 17:30,0
11/21/2022 18:00,0
11/21/2022 18:30,0
11/21/2022 19:00,0
11/21/2022 19:30,0
11/21/2022 20:00,0
11/21/2022 20:30,0
11/21/2022 21:00,0
11/21/2022 21:30,0
11/21/2022 22:00,0
11/21/2022 22:30,0
11/21/2022 23:00,0
11/21/2022 23:30,0
11/22/2022 0:00,0
11/22/2022 0:30,0
11/22/2022 1:00,0
11/22/2022 1:30,0
11/22/2022 2:00,0
11/22/2022 2:30,0
11/22/2022 3:00,0
11/22/2022 3:30,0
11/22/2022 4:00,0
11/22/2022 4:30,0
11/22/2022 5:00,0
11/22/2022 5:30,0
11/22/2022 6:00,0
11/22/2022 6:30,0
11/22/2022 7:00,0
11/22/2022 7:30,0
11/22/2022 8:00,0
11/22/2022 8:30,0
11/22/2022 9:00,0
11/22/2022 9:30,0
11/22/2022 10:00,0
11/22/2022 10:30,0
11/22/2022 11:00,0
11/22/2022 11:30,0
11/22/2022 12:00,0
11/22/2022 12:30,0
11/22/2022 13:00,0
11/22/2022 13:30,0
11/22/2022 14:00,0
11/22/2022 14:30,0
11/22/2022 15:00,0
11/22/2022 15:30,0
11/22/2022 16:00,0
11/22/2022 16:30,0
11/22/2022 17:00,0
11/22/2022 17:30,0
11/22/2022 18:00,0
11/22/2022 18:30,0
11/22/2022 19:00,0
11/22/2022 19:30,0
11/22/2022 20:00,0
11/22/2022 20:30,0
11/22/2022 21:00,0
11/22/2022 21:30,0
11/22/2022 22:00,0
11/22/2022 22:30,0
11/22/2022 23:00,0
11/22/2022 23:30,0
11/23/2022 0:00,0
11/23/2022 0:30,0
11/23/2022 1:00,0
11/23/2022 1:30,0
11/23/2022 2:00,0
11/23/2022 2:30,0
11/23/2022 3:00,0
11/23/2022 3:30,0
11/23/2022 4:00,0
11/23/2022 4:30,0
11/23/2022 5:00,0
11/23/2022 5:30,0
11/23/2022 6:00,0
11/23/2022 6:30,0
11/23/2022 7:00,0
11/23/2022 7:30,0
11/23/2022 8:00,0
11/23/2022 8:30,0
11/23/2022 9:00,0
11/23/2022 9:30,0
11/23/2022 10:00,0
11/23/2022 10:30,0
11/23/2022 11:00,0
11/23/2022 11:30,0
11/23/2022 12:00,0
11/23/2022 12:30,0
11/23/2022 13:00,0
11/23/2022 13:30,0
11/23/2022 14:00,0
11/23/2022 14:30,0
11/23/2022 15:00,0
11/23/2022 15:30,0
11/23/2022 16:00,0
11/23/2022 16:30,0
11/23/2022 17:00,0
11/23/2022 17:30,0
11/23/2022 18:00,0
11/23/2022 18:30,0
11/23/2022 19:00,0
11/23/2022 19:30,0
11/23/2022 20:00,0
11/23/2022 20:30,0
11/23/2022 21:00,0
11/23/2022 21:30,0
11/23/2022 22:00,0
11/23/2022 22:30,0
11/23/2022 23:00,0
11/23/2022 23:30,0
11/24/2022 0:00,0
11/24/2022 0:30,0
11/24/2022 1:00,0
11/24/2022 1:30,0
11/24/2022 2:00,0
11/24/2022 2:30,0
11/24/2022 3:00,0
11/24/2022 3:30,0
11/24/2022 4:00,0
11/24/2022 4:30,0
11/24/2022 5:00,0
11/24/2022 5:30,0
11/24/2022 6:00,0
11/24/2022 6:30,0
11/24/2022 7:00,0
11/24/2022 7:30,0
11/24/2022 8:00,0
11/24/2022 8:30,0
11/24/2022 9:00,0
11/24/2022 9:30,0
11/24/2022 10:00,0
11/24/2022 10:30,0
11/24/2022 11:00,0
11/24/2022 11:30,0
11/24/2022 12:00,0
11/24/2022 12:30,0
11/24/2022 13:00,0
11/24/2022 13:30,0
11/24/2022 14:00,0
11/24/2022 14:30,0
11/24/2022 15:00,0
11/24/2022 15:30,0
11/24/2022 16:00,0
11/24/2022 16:30,0
11/24/2022 17:00,0
11/24/2022 17:30,0
11/24/2022 18:00,0
11/24/2022 18:30,0
11/24/2022 19:00,0
11/24/2022 19:30,0
11/24/2022 20:00,0
11/24/2022 20:30,0
11/24/2022 21:00,0
11/24/2022 21:30,0
11/24/2022 22:00,0
11/24/2022 22:30,0
11/24/2022 23:00,0
11/24/2022 23:30,0
11/25/2022 0:00,0
11/25/2022 0:30,0
11/25/2022 1:00,0
11/25/2022 1:30,0
11/25/2022 2:00,0
11/25/2022 2:30,0
11/25/2022 3:00,0
11/25/2022 3:30,0.1
11/25/2022 4:00,0.1
11/25/2022 4:30,0.1
11/25/2022 5:00,0.5
11/25/2022 5:30,0.2
11/25/2022 6:00,0
11/25/2022 6:30,0
11/25/2022 7:00,0
11/25/2022 7:30,0
11/25/2022 8:00,0
11/25/2022 8:30,0
11/25/2022 9:00,0
11/25/2022 9:30,0
11/25/2022 10:00,0
11/25/2022 10:30,0
11/25/2022 11:00,0
11/25/2022 11:30,0
11/25/2022 12:00,0.1
11/25/2022 12:30,0
11/25/2022 13:00,0
11/25/2022 13:30,0
11/25/2022 14:00,0
11/25/2022 14:30,0
11/25/2022 15:00,0
11/25/2022 15:30,0
11/25/2022 16:00,0
11/25/2022 16:30,0
11/25/2022 17:00,0
11/25/2022 17:30,0
11/25/2022 18:00,0
11/25/2022 18:30,0
11/25/2022 19:00,0
11/25/2022 19:30,0
11/25/2022 20:00,0
11/25/2022 20:30,0
11/25/2022 21:00,0
11/25/2022 21:30,0
11/25/2022 22:00,0
11/25/2022 22:30,0
11/25/2022 23:00,0
11/25/2022 23:30,0
11/26/2022 0:00,0
11/26/2022 0:30,0
11/26/2022 1:00,0
11/26/2022 1:30,0
11/26/2022 2:00,0
11/26/2022 2:30,0
11/26/2022 3:00,0
11/26/2022 3:30,0
11/26/2022 4:00,0
11/26/2022 4:30,0
11/26/2022 5:00,0
11/26/2022 5:30,0
11/26/2022 6:00,0
11/26/2022 6:30,0
11/26/2022 7:00,0.1
11/26/2022 7:30,0
11/26/2022 8:00,0
11/26/2022 8:30,0
11/26/2022 9:00,0
11/26/2022 9:30,0
11/26/2022 10:00,0
11/26/2022 10:30,0
11/26/2022 11:00,0
11/26/2022 11:30,0
11/26/2022 12:00,0
11/26/2022 12:30,0
11/26/2022 13:00,0
11/26/2022 13:30,0
11/26/2022 14:00,0
11/26/2022 14:30,0
11/26/2022 15:00,0
11/26/2022 15:30,0
11/26/2022 16:00,0
11/26/2022 16:30,0
11/26/2022 17:00,0
11/26/2022 17:30,0
11/26/2022 18:00,0
11/26/2022 18:30,0
11/26/2022 19:00,0
11/26/2022 19:30,0
11/26/2022 20:00,0
11/26/2022 20:30,0
11/26/2022 21:00,0
11/26/2022 21:30,0
11/26/2022 22:00,0
11/26/2022 22:30,0
11/26/2022 23:00,0
11/26/2022 23:30,0
11/27/2022 0:00,0
11/27/2022 0:30,0
11/27/2022 1:00,0
11/27/2022 1:30,0
11/27/2022 2:00,0
11/27/2022 2:30,0
11/27/2022 3:00,0
11/27/2022 3:30,0
11/27/2022 4:00,0
11/27/2022 4:30,0
11/27/2022 5:00,0
11/27/2022 5:30,0
11/27/2022 6:00,0
11/27/2022 6:30,0
11/27/2022 7:00,0
11/27/2022 7:30,0
11/27/2022 8:00,0
11/27/2022 8:30,0
11/27/2022 9:00,0
11/27/2022 9:30,0
11/27/2022 10:00,0
11/27/2022 10:30,0
11/27/2022 11:00,0
11/27/2022 11:30,0
11/27/2022 12:00,0
11/27/2022 12:30,0
11/27/2022 13:00,0
11/27/2022 13:30,0
11/27/2022 14:00,0
11/27/2022 14:30,0
11/27/2022 15:00,0
11/27/2022 15:30,0
11/27/2022 16:00,0
11/27/2022 16:30,0
11/27/2022 17:00,0
11/27/2022 17:30,0
11/27/2022 18:00,0
11/27/2022 18:30,0
11/27/2022 19:00,0
11/27/2022 19:30,0
11/27/2022 20:00,0
11/27/2022 20:30,0
11/27/2022 21:00,0
11/27/2022 21:30,0
11/27/2022 22:00,0
11/27/2022 22:30,0
11/27/2022 23:00,0
11/27/2022 23:30,0
11/28/2022 0:00,0
11/28/2022 0:30,0
11/28/2022 1:00,0
11/28/2022 1:30,0
11/28/2022 2:00,0
11/28/2022 2:30,0
11/28/2022 3:00,0
11/28/2022 3:30,0
11/28/2022 4:00,0
11/28/2022 4:30,0
11/28/2022 5:00,0
11/28/2022 5:30,0
11/28/2022 6:00,0
11/28/2022 6:30,0
11/28/2022 7:00,0
11/28/2022 7:30,0
11/28/2022 8:00,0
11/28/2022 8:30,0
11/28/2022 9:00,0
11/28/2022 9:30,0
11/28/2022 10:00,0
11/28/2022 10:30,0
11/28/2022 11:00,0
11/28/2022 11:30,0
11/28/2022 12:00,0
11/28/2022 12:30,0
11/28/2022 13:00,0
11/28/2022 13:30,0
11/28/2022 14:00,0
11/28/2022 14:30,0
11/28/2022 15:00,0
11/28/2022 15:30,0
11/28/2022 16:00,0
11/28/2022 16:30,0
11/28/2022 17:00,0
11/28/2022 17:30,0
11/28/2022 18:00,0
11/28/2022 18:30,0
11/28/2022 19:00,0
11/28/2022 19:30,0
11/28/2022 20:00,0
11/28/2022 20:30,0
11/28/2022 21:00,0
11/28/2022 21:30,0
11/28/2022 22:00,0
11/28/2022 22:30,0
11/28/2022 23:00,0
11/28/2022 23:30,0
11/29/2022 0:00,0
11/29/2022 0:30,0
11/29/2022 1:00,0
11/29/2022 1:30,0
11/29/2022 2:00,0
11/29/2022 2:30,0
11/29/2022 3:00,0
11/29/2022 3:30,0
11/29/2022 4:00,0
11/29/2022 4:30,0
11/29/2022 5:00,0
11/29/2022 5:30,0
11/29/2022 6:00,0
11/29/2022 6:30,0
11/29/2022 7:00,0
11/29/2022 7:30,0
11/29/2022 8:00,0
11/29/2022 8:30,0
11/29/2022 9:00,0
11/29/2022 9:30,0
11/29/2022 10:00,0
11/29/2022 10:30,0
11/29/2022 11:00,0
11/29/2022 11:30,0
11/29/2022 12:00,0
11/29/2022 12:30,0
11/29/2022 13:00,0
11/29/2022 13:30,0
11/29/2022 14:00,0
11/29/2022 14:30,0
11/29/2022 15:00,0
11/29/2022 15:30,0
11/29/2022 16:00,0
11/29/2022 16:30,0
11/29/2022 17:00,0
11/29/2022 17:30,0
11/29/2022 18:00,0
11/29/2022 18:30,0
11/29/2022 19:00,0
11/29/2022 19:30,0
11/29/2022 20:00,0
11/29/2022 20:30,0
11/29/2022 21:00,0
11/29/2022 21:30,0
11/29/2022 22:00,0
11/29/2022 22:30,0
11/29/2022 23:00,0
11/29/2022 23:30,0
11/30/2022 0:00,0
11/30/2022 0:30,0
11/30/2022 1:00,0
11/30/2022 1:30,0
11/30/2022 2:00,0
11/30/2022 2:30,0
11/30/2022 3:00,0
11/30/2022 3:30,0
11/30/2022 4:00,0
11/30/2022 4:30,0
11/30/2022 5:00,0
11/30/2022 5:30,0
11/30/2022 6:00,0
11/30/2022 6:30,0
11/30/2022 7:00,0
11/30/2022 7:30,0
11/30/2022 8:00,0
11/30/2022 8:30,0
11/30/2022 9:00,0
11/30/2022 9:30,0
11/30/2022 10:00,0
11/30/2022 10:30,0
11/30/2022 11:00,0
11/30/2022 11:30,0
11/30/2022 12:00,0
11/30/2022 12:30,0
11/30/2022 13:00,0
11/30/2022 13:30,0
11/30/2022 14:00,0
11/30/2022 14:30,0
11/30/2022 15:00,0
11/30/2022 15:30,0
11/30/2022 16:00,0
11/30/2022 16:30,0
11/30/2022 17:00,0
11/30/2022 17:30,0
11/30/2022 18:00,0
11/30/2022 18:30,0
11/30/2022 19:00,0
11/30/2022 19:30,0
11/30/2022 20:00,0
11/30/2022 20:30,0
11/30/2022 21:00,0
11/30/2022 21:30,0
11/30/2022 22:00,0
11/30/2022 22:30,0
11/30/2022 23:00,0
11/30/2022 23:30,0
12/1/2022 0:00,0
12/1/2022 0:30,0
12/1/2022 1:00,0
12/1/2022 1:30,0
12/1/2022 2:00,0
12/1/2022 2:30,0
12/1/2022 3:00,0
12/1/2022 3:30,0
12/1/2022 4:00,0
12/1/2022 4:30,0
12/1/2022 5:00,0
12/1/2022 5:30,0
12/1/2022 6:00,0
12/1/2022 6:30,0
12/1/2022 7:00,0
12/1/2022 7:30,0
12/1/2022 8:00,0
12/1/2022 8:30,0
12/1/2022 9:00,0
12/1/2022 9:30,0
12/1/2022 10:00,0
12/1/2022 10:30,0
12/1/2022 11:00,0
12/1/2022 11:30,0
12/1/2022 12:00,0
12/1/2022 12:30,0
12/1/2022 13:00,0
12/1/2022 13:30,0
12/1/2022 14:00,0
12/1/2022 14:30,0
12/1/2022 15:00,0
12/1/2022 15:30,0
12/1/2022 16:00,0
12/1/2022 16:30,0
12/1/2022 17:00,0
12/1/2022 17:30,0
12/1/2022 18:00,0
12/1/2022 18:30,0
12/1/2022 19:00,0
12/1/2022 19:30,0
12/1/2022 20:00,0
12/1/2022 20:30,0
12/1/2022 21:00,0
12/1/2022 21:30,0
12/1/2022 22:00,0
12/1/2022 22:30,0
12/1/2022 23:00,0
12/1/2022 23:30,0
12/2/2022 0:00,0
12/2/2022 0:30,0
12/2/2022 1:00,0
12/2/2022 1:30,0
12/2/2022 2:00,0
12/2/2022 2:30,0
12/2/2022 3:00,0
12/2/2022 3:30,0
12/2/2022 4:00,0
12/2/2022 4:30,0
12/2/2022 5:00,0
12/2/2022 5:30,0
12/2/2022 6:00,0
12/2/2022 6:30,0
12/2/2022 7:00,0
12/2/2022 7:30,0
12/2/2022 8:00,0
12/2/2022 8:30,0
12/2/2022 9:00,0
12/2/2022 9:30,0
12/2/2022 10:00,0
12/2/2022 10:30,0
12/2/2022 11:00,0
12/2/2022 11:30,0
12/2/2022 12:00,0
12/2/2022 12:30,0
12/2/2022 13:00,0
12/2/2022 13:30,0
12/2/2022 14:00,0
12/2/2022 14:30,0
12/2/2022 15:00,0
12/2/2022 15:30,0
12/2/2022 16:00,0
12/2/2022 16:30,0
12/2/2022 17:00,0
12/2/2022 17:30,0
12/2/2022 18:00,0
12/2/2022 18:30,0
12/2/2022 19:00,0
12/2/2022 19:30,0
12/2/2022 20:00,0
12/2/2022 20:30,0
12/2/2022 21:00,0
12/2/2022 21:30,0
12/2/2022 22:00,0
12/2/2022 22:30,0
12/2/2022 23:00,0
12/2/2022 23:30,0
12/3/2022 0:00,0
12/3/2022 0:30,0
12/3/2022 1:00,0
12/3/2022 1:30,0
12/3/2022 2:00,0
12/3/2022 2:30,0
12/3/2022 3:00,0
12/3/2022 3:30,0
12/3/2022 4:00,0
12/3/2022 4:30,0
12/3/2022 5:00,0
12/3/2022 5:30,0
12/3/2022 6:00,0
12/3/2022 6:30,0
12/3/2022 7:00,0
12/3/2022 7:30,0
12/3/2022 8:00,0
12/3/2022 8:30,0
12/3/2022 9:00,0
12/3/2022 9:30,0
12/3/2022 10:00,0
12/3/2022 10:30,0
12/3/2022 11:00,0
12/3/2022 11:30,0
12/3/2022 12:00,0
12/3/2022 12:30,0
12/3/2022 13:00,0
12/3/2022 13:30,0
12/3/2022 14:00,0
12/3/2022 14:30,0
12/3/2022 15:00,0
12/3/2022 15:30,0
12/3/2022 16:00,0
12/3/2022 16:30,0
12/3/2022 17:00,0
12/3/2022 17:30,0
12/3/2022 18:00,0
12/3/2022 18:30,0
12/3/2022 19:00,0
12/3/2022 19:30,0
12/3/2022 20:00,0
12/3/2022 20:30,0
12/3/2022 21:00,0
12/3/2022 21:30,0
12/3/2022 22:00,0
12/3/2022 22:30,0
12/3/2022 23:00,0
12/3/2022 23:30,0
12/4/2022 0:00,0
12/4/2022 0:30,0
12/4/2022 1:00,0
12/4/2022 1:30,0
12/4/2022 2:00,0
12/4/2022 2:30,0
12/4/2022 3:00,0
12/4/2022 3:30,0
12/4/2022 4:00,0
12/4/2022 4:30,0
12/4/2022 5:00,0
12/4/2022 5:30,0
12/4/2022 6:00,0
12/4/2022 6:30,0
12/4/2022 7:00,0
12/4/2022 7:30,0
12/4/2022 8:00,0
12/4/2022 8:30,0
12/4/2022 9:00,0
12/4/2022 9:30,0
12/4/2022 10:00,0
12/4/2022 10:30,0
12/4/2022 11:00,0
12/4/2022 11:30,0
12/4/2022 12:00,0
12/4/2022 12:30,0
12/4/2022 13:00,0
12/4/2022 13:30,0
12/4/2022 14:00,0
12/4/2022 14:30,0
12/4/2022 15:00,0
12/4/2022 15:30,0
12/4/2022 16:00,0
12/4/2022 16:30,0
12/4/2022 17:00,0
12/4/2022 17:30,0
12/4/2022 18:00,0
12/4/2022 18:30,0
12/4/2022 19:00,0
12/4/2022 19:30,0
12/4/2022 20:00,0
12/4/2022 20:30,0
12/4/2022 21:00,0
12/4/2022 21:30,0
12/4/2022 22:00,0
12/4/2022 22:30,0
12/4/2022 23:00,0.1
12/4/2022 23:30,1.1
12/5/2022 0:00,0.1
12/5/2022 0:30,0
12/5/2022 1:00,0
12/5/2022 1:30,0
12/5/2022 2:00,0
12/5/2022 2:30,0
12/5/2022 3:00,0
12/5/2022 3:30,0
12/5/2022 4:00,0
12/5/2022 4:30,0
12/5/2022 5:00,0
12/5/2022 5:30,0
12/5/2022 6:00,0
12/5/2022 6:30,0
12/5/2022 7:00,0
12/5/2022 7:30,0
12/5/2022 8:00,0
12/5/2022 8:30,0
12/5/2022 9:00,0
12/5/2022 9:30,0
12/5/2022 10:00,0
12/5/2022 10:30,0
12/5/2022 11:00,0
12/5/2022 11:30,0
12/5/2022 12:00,0
12/5/2022 12:30,0
12/5/2022 13:00,0
12/5/2022 13:30,0.1
12/5/2022 14:00,0
12/5/2022 14:30,0
12/5/2022 15:00,0
12/5/2022 15:30,0
12/5/2022 16:00,0
12/5/2022 16:30,0
12/5/2022 17:00,0
12/5/2022 17:30,0
12/5/2022 18:00,0
12/5/2022 18:30,0
12/5/2022 19:00,0
12/5/2022 19:30,0
12/5/2022 20:00,0
12/5/2022 20:30,0
12/5/2022 21:00,0
12/5/2022 21:30,0
12/5/2022 22:00,0
12/5/2022 22:30,0
12/5/2022 23:00,0
12/5/2022 23:30,0
12/6/2022 0:00,0
12/6/2022 0:30,0
12/6/2022 1:00,0
12/6/2022 1:30,0
12/6/2022 2:00,0
12/6/2022 2:30,0
12/6/2022 3:00,0
12/6/2022 3:30,0
12/6/2022 4:00,0
12/6/2022 4:30,0
12/6/2022 5:00,0
12/6/2022 5:30,0
12/6/2022 6:00,0
12/6/2022 6:30,0
12/6/2022 7:00,0
12/6/2022 7:30,0
12/6/2022 8:00,0
12/6/2022 8:30,0
12/6/2022 9:00,0
12/6/2022 9:30,0
12/6/2022 10:00,0
12/6/2022 10:30,0
12/6/2022 11:00,0
12/6/2022 11:30,0
12/6/2022 12:00,0
12/6/2022 12:30,0
12/6/2022 13:00,0
12/6/2022 13:30,0
12/6/2022 14:00,0
12/6/2022 14:30,0
12/6/2022 15:00,0
12/6/2022 15:30,0
12/6/2022 16:00,0
12/6/2022 16:30,0
12/6/2022 17:00,0
12/6/2022 17:30,0
12/6/2022 18:00,0
12/6/2022 18:30,0
12/6/2022 19:00,0
12/6/2022 19:30,0
12/6/2022 20:00,0
12/6/2022 20:30,0
12/6/2022 21:00,0
12/6/2022 21:30,0
12/6/2022 22:00,0
12/6/2022 22:30,0
12/6/2022 23:00,0
12/6/2022 23:30,0
12/7/2022 0:00,0
12/7/2022 0:30,0
12/7/2022 1:00,0
12/7/2022 1:30,0
12/7/2022 2:00,0
12/7/2022 2:30,0
12/7/2022 3:00,0
12/7/2022 3:30,0
12/7/2022 4:00,0
12/7/2022 4:30,0
12/7/2022 5:00,0
12/7/2022 5:30,0
12/7/2022 6:00,0
12/7/2022 6:30,0
12/7/2022 7:00,0
12/7/2022 7:30,0
12/7/2022 8:00,0
12/7/2022 8:30,0
12/7/2022 9:00,0
12/7/2022 9:30,0
12/7/2022 10:00,0
12/7/2022 10:30,0.1
12/7/2022 11:00,0
12/7/2022 11:30,0
12/7/2022 12:00,0
12/7/2022 12:30,0
12/7/2022 13:00,0
12/7/2022 13:30,0
12/7/2022 14:00,0
12/7/2022 14:30,0.1
12/7/2022 15:00,0
12/7/2022 15:30,0
12/7/2022 16:00,0
12/7/2022 16:30,0
12/7/2022 17:00,0
12/7/2022 17:30,0
12/7/2022 18:00,0
12/7/2022 18:30,0
12/7/2022 19:00,0
12/7/2022 19:30,0
12/7/2022 20:00,0
12/7/2022 20:30,0
12/7/2022 21:00,0
12/7/2022 21:30,0
12/7/2022 22:00,0
12/7/2022 22:30,0
12/7/2022 23:00,0
12/7/2022 23:30,0
12/8/2022 0:00,0
12/8/2022 0:30,0
12/8/2022 1:00,0
12/8/2022 1:30,0
12/8/2022 2:00,0
12/8/2022 2:30,0
12/8/2022 3:00,0
12/8/2022 3:30,0
12/8/2022 4:00,0
12/8/2022 4:30,0
12/8/2022 5:00,0
12/8/2022 5:30,0
12/8/2022 6:00,0
12/8/2022 6:30,0
12/8/2022 7:00,0
12/8/2022 7:30,0.1
12/8/2022 8:00,0
12/8/2022 8:30,0
12/8/2022 9:00,0
12/8/2022 9:30,0
12/8/2022 10:00,0
12/8/2022 10:30,0
12/8/2022 11:00,0
12/8/2022 11:30,0
12/8/2022 12:00,0
12/8/2022 12:30,0
12/8/2022 13:00,0
12/8/2022 13:30,0
12/8/2022 14:00,0
12/8/2022 14:30,0
12/8/2022 15:00,0
12/8/2022 15:30,0
12/8/2022 16:00,0
12/8/2022 16:30,0
12/8/2022 17:00,0
12/8/2022 17:30,0
12/8/2022 18:00,0
12/8/2022 18:30,0
12/8/2022 19:00,0
12/8/2022 19:30,0
12/8/2022 20:00,0
12/8/2022 20:30,0
12/8/2022 21:00,0
12/8/2022 21:30,0
12/8/2022 22:00,0
12/8/2022 22:30,0
12/8/2022 23:00,0
12/8/2022 23:30,0
12/9/2022 0:00,0
12/9/2022 0:30,0
12/9/2022 1:00,0
12/9/2022 1:30,0
12/9/2022 2:00,0
12/9/2022 2:30,0
12/9/2022 3:00,0
12/9/2022 3:30,0
12/9/2022 4:00,0
12/9/2022 4:30,0
12/9/2022 5:00,0
12/9/2022 5:30,0
12/9/2022 6:00,0
12/9/2022 6:30,0
12/9/2022 7:00,0
12/9/2022 7:30,0
12/9/2022 8:00,0
12/9/2022 8:30,0
12/9/2022 9:00,0
12/9/2022 9:30,0
12/9/2022 10:00,0
12/9/2022 10:30,0
12/9/2022 11:00,0
12/9/2022 11:30,0
12/9/2022 12:00,0
12/9/2022 12:30,0
12/9/2022 13:00,0
12/9/2022 13:30,0
12/9/2022 14:00,0
12/9/2022 14:30,0
12/9/2022 15:00,0
12/9/2022 15:30,0
12/9/2022 16:00,0
12/9/2022 16:30,0
12/9/2022 17:00,0
12/9/2022 17:30,0
12/9/2022 18:00,0
12/9/2022 18:30,0
12/9/2022 19:00,0
12/9/2022 19:30,0
12/9/2022 20:00,0
12/9/2022 20:30,0
12/9/2022 21:00,0
12/9/2022 21:30,0
12/9/2022 22:00,0
12/9/2022 22:30,0
12/9/2022 23:00,0
12/9/2022 23:30,0
12/10/2022 0:00,0
12/10/2022 0:30,0
12/10/2022 1:00,0
12/10/2022 1:30,0
12/10/2022 2:00,0
12/10/2022 2:30,0
12/10/2022 3:00,0
12/10/2022 3:30,0
12/10/2022 4:00,0
12/10/2022 4:30,0
12/10/2022 5:00,0
12/10/2022 5:30,0
12/10/2022 6:00,0
12/10/2022 6:30,0
12/10/2022 7:00,0
12/10/2022 7:30,0
12/10/2022 8:00,0
12/10/2022 8:30,0
12/10/2022 9:00,0
12/10/2022 9:30,0
12/10/2022 10:00,0
12/10/2022 10:30,0
12/10/2022 11:00,0
12/10/2022 11:30,0
12/10/2022 12:00,0
12/10/2022 12:30,0
12/10/2022 13:00,0
12/10/2022 13:30,0
12/10/2022 14:00,0
12/10/2022 14:30,0
12/10/2022 15:00,0
12/10/2022 15:30,0
12/10/2022 16:00,0
12/10/2022 16:30,0
12/10/2022 17:00,0
12/10/2022 17:30,0
12/10/2022 18:00,0
12/10/2022 18:30,0
12/10/2022 19:00,0
12/10/2022 19:30,0
12/10/2022 20:00,0
12/10/2022 20:30,0
12/10/2022 21:00,0
12/10/2022 21:30,0
12/10/2022 22:00,0
12/10/2022 22:30,0
12/10/2022 23:00,0
12/10/2022 23:30,0
12/11/2022 0:00,0
12/11/2022 0:30,0
12/11/2022 1:00,0
12/11/2022 1:30,0
12/11/2022 2:00,0
12/11/2022 2:30,0
12/11/2022 3:00,0
12/11/2022 3:30,0
12/11/2022 4:00,0
12/11/2022 4:30,0
12/11/2022 5:00,0
12/11/2022 5:30,0
12/11/2022 6:00,0
12/11/2022 6:30,0
12/11/2022 7:00,0
12/11/2022 7:30,0
12/11/2022 8:00,0
12/11/2022 8:30,0
12/11/2022 9:00,0
12/11/2022 9:30,0
12/11/2022 10:00,0
12/11/2022 10:30,0
12/11/2022 11:00,0
12/11/2022 11:30,0
12/11/2022 12:00,0
12/11/2022 12:30,0
12/11/2022 13:00,0
12/11/2022 13:30,0
12/11/2022 14:00,0
12/11/2022 14:30,0
12/11/2022 15:00,0
12/11/2022 15:30,0
12/11/2022 16:00,0
12/11/2022 16:30,0
12/11/2022 17:00,0
12/11/2022 17:30,0
12/11/2022 18:00,0
12/11/2022 18:30,0
12/11/2022 19:00,0
12/11/2022 19:30,0
12/11/2022 20:00,0
12/11/2022 20:30,0
12/11/2022 21:00,0
12/11/2022 21:30,0
12/11/2022 22:00,0
12/11/2022 22:30,0
12/11/2022 23:00,0
12/11/2022 23:30,0
12/12/2022 0:00,0
12/12/2022 0:30,0
12/12/2022 1:00,0
12/12/2022 1:30,0
12/12/2022 2:00,0
12/12/2022 2:30,0
12/12/2022 3:00,0
12/12/2022 3:30,0
12/12/2022 4:00,0
12/12/2022 4:30,0
12/12/2022 5:00,0
12/12/2022 5:30,0
12/12/2022 6:00,0
12/12/2022 6:30,0
12/12/2022 7:00,0
12/12/2022 7:30,0
12/12/2022 8:00,0
12/12/2022 8:30,0
12/12/2022 9:00,0
12/12/2022 9:30,0
12/12/2022 10:00,0
12/12/2022 10:30,0
12/12/2022 11:00,0
12/12/2022 11:30,0
12/12/2022 12:00,0
12/12/2022 12:30,0
12/12/2022 13:00,0
12/12/2022 13:30,0
12/12/2022 14:00,0
12/12/2022 14:30,0
12/12/2022 15:00,0
12/12/2022 15:30,0
12/12/2022 16:00,0
12/12/2022 16:30,0
12/12/2022 17:00,0
12/12/2022 17:30,0
12/12/2022 18:00,0
12/12/2022 18:30,0
12/12/2022 19:00,0
12/12/2022 19:30,0
12/12/2022 20:00,0
12/12/2022 20:30,0
12/12/2022 21:00,0
12/12/2022 21:30,0
12/12/2022 22:00,0
12/12/2022 22:30,0
12/12/2022 23:00,0
12/12/2022 23:30,0
12/13/2022 0:00,0
12/13/2022 0:30,0
12/13/2022 1:00,0
12/13/2022 1:30,0
12/13/2022 2:00,0
12/13/2022 2:30,0
12/13/2022 3:00,0
12/13/2022 3:30,0
12/13/2022 4:00,0
12/13/2022 4:30,0
12/13/2022 5:00,0
12/13/2022 5:30,0.2
12/13/2022 6:00,0.1
12/13/2022 6:30,0.2
12/13/2022 7:00,0
12/13/2022 7:30,0
12/13/2022 8:00,0
12/13/2022 8:30,0
12/13/2022 9:00,0
12/13/2022 9:30,0
12/13/2022 10:00,0
12/13/2022 10:30,0
12/13/2022 11:00,0
12/13/2022 11:30,0
12/13/2022 12:00,0
12/13/2022 12:30,0
12/13/2022 13:00,0
12/13/2022 13:30,0
12/13/2022 14:00,0
12/13/2022 14:30,0
12/13/2022 15:00,0
12/13/2022 15:30,0
12/13/2022 16:00,0
12/13/2022 16:30,0
12/13/2022 17:00,0
12/13/2022 17:30,0
12/13/2022 18:00,0
12/13/2022 18:30,0
12/13/2022 19:00,0
12/13/2022 19:30,0
12/13/2022 20:00,0
12/13/2022 20:30,0
12/13/2022 21:00,0
12/13/2022 21:30,0
12/13/2022 22:00,0
12/13/2022 22:30,0
12/13/2022 23:00,0
12/13/2022 23:30,0
12/14/2022 0:00,0
12/14/2022 0:30,0
12/14/2022 1:00,0
12/14/2022 1:30,0
12/14/2022 2:00,0
12/14/2022 2:30,0
12/14/2022 3:00,0
12/14/2022 3:30,0
12/14/2022 4:00,0
12/14/2022 4:30,0
12/14/2022 5:00,0
12/14/2022 5:30,0
12/14/2022 6:00,0
12/14/2022 6:30,0
12/14/2022 7:00,0
12/14/2022 7:30,0
12/14/2022 8:00,0
12/14/2022 8:30,0
12/14/2022 9:00,0
12/14/2022 9:30,0
12/14/2022 10:00,0
12/14/2022 10:30,0
12/14/2022 11:00,0
12/14/2022 11:30,0
12/14/2022 12:00,0
12/14/2022 12:30,0
12/14/2022 13:00,0
12/14/2022 13:30,0
12/14/2022 14:00,0
12/14/2022 14:30,0
12/14/2022 15:00,0
12/14/2022 15:30,0
12/14/2022 16:00,0
12/14/2022 16:30,0
12/14/2022 17:00,0
12/14/2022 17:30,0
12/14/2022 18:00,0
12/14/2022 18:30,0
12/14/2022 19:00,0
12/14/2022 19:30,0
12/14/2022 20:00,0
12/14/2022 20:30,0
12/14/2022 21:00,0
12/14/2022 21:30,0
12/14/2022 22:00,0
12/14/2022 22:30,0
12/14/2022 23:00,0
12/14/2022 23:30,0
12/15/2022 0:00,0
12/15/2022 0:30,0
12/15/2022 1:00,0
12/15/2022 1:30,0
12/15/2022 2:00,0
12/15/2022 2:30,0
12/15/2022 3:00,0
12/15/2022 3:30,0
12/15/2022 4:00,0
12/15/2022 4:30,0
12/15/2022 5:00,0
12/15/2022 5:30,0
12/15/2022 6:00,0
12/15/2022 6:30,0
12/15/2022 7:00,0
12/15/2022 7:30,0
12/15/2022 8:00,0
12/15/2022 8:30,0
12/15/2022 9:00,0
12/15/2022 9:30,0
12/15/2022 10:00,0
12/15/2022 10:30,0
12/15/2022 11:00,0
12/15/2022 11:30,0
12/15/2022 12:00,0
12/15/2022 12:30,0
12/15/2022 13:00,0
12/15/2022 13:30,0
12/15/2022 14:00,0
12/15/2022 14:30,0
12/15/2022 15:00,0
12/15/2022 15:30,0
12/15/2022 16:00,0
12/15/2022 16:30,0
12/15/2022 17:00,0
12/15/2022 17:30,0
12/15/2022 18:00,0
12/15/2022 18:30,0
12/15/2022 19:00,0
12/15/2022 19:30,0
12/15/2022 20:00,0
12/15/2022 20:30,0
12/15/2022 21:00,0
12/15/2022 21:30,0
12/15/2022 22:00,0
12/15/2022 22:30,0
12/15/2022 23:00,0
12/15/2022 23:30,0
12/16/2022 0:00,0
12/16/2022 0:30,0
12/16/2022 1:00,0
12/16/2022 1:30,0
12/16/2022 2:00,0
12/16/2022 2:30,0
12/16/2022 3:00,0
12/16/2022 3:30,0
12/16/2022 4:00,0
12/16/2022 4:30,0
12/16/2022 5:00,0
12/16/2022 5:30,0
12/16/2022 6:00,0
12/16/2022 6:30,0
12/16/2022 7:00,0
12/16/2022 7:30,0
12/16/2022 8:00,0
12/16/2022 8:30,0
12/16/2022 9:00,0
12/16/2022 9:30,0
12/16/2022 10:00,0
12/16/2022 10:30,0
12/16/2022 11:00,0
12/16/2022 11:30,0
12/16/2022 12:00,0
12/16/2022 12:30,0
12/16/2022 13:00,0
12/16/2022 13:30,0
12/16/2022 14:00,0
12/16/2022 14:30,0
12/16/2022 15:00,0
12/16/2022 15:30,0
12/16/2022 16:00,0
12/16/2022 16:30,0
12/16/2022 17:00,0
12/16/2022 17:30,0
12/16/2022 18:00,0
12/16/2022 18:30,0
12/16/2022 19:00,0
12/16/2022 19:30,0
12/16/2022 20:00,0
12/16/2022 20:30,0
12/16/2022 21:00,0
12/16/2022 21:30,0
12/16/2022 22:00,0
12/16/2022 22:30,0
12/16/2022 23:00,0
12/16/2022 23:30,0
12/17/2022 0:00,0
12/17/2022 0:30,0
12/17/2022 1:00,0
12/17/2022 1:30,0
12/17/2022 2:00,0
12/17/2022 2:30,0
12/17/2022 3:00,0
12/17/2022 3:30,0
12/17/2022 4:00,0
12/17/2022 4:30,0
12/17/2022 5:00,0
12/17/2022 5:30,0
12/17/2022 6:00,0
12/17/2022 6:30,0
12/17/2022 7:00,0
12/17/2022 7:30,0
12/17/2022 8:00,0
12/17/2022 8:30,0
12/17/2022 9:00,0
12/17/2022 9:30,0
12/17/2022 10:00,0
12/17/2022 10:30,0
12/17/2022 11:00,0
12/17/2022 11:30,0
12/17/2022 12:00,0
12/17/2022 12:30,0
12/17/2022 13:00,0
12/17/2022 13:30,0
12/17/2022 14:00,0
12/17/2022 14:30,0
12/17/2022 15:00,0
12/17/2022 15:30,0
12/17/2022 16:00,0
12/17/2022 16:30,0
12/17/2022 17:00,0
12/17/2022 17:30,0
12/17/2022 18:00,0
12/17/2022 18:30,0
12/17/2022 19:00,0
12/17/2022 19:30,0
12/17/2022 20:00,0
12/17/2022 20:30,0
12/17/2022 21:00,0
12/17/2022 21:30,0
12/17/2022 22:00,0
12/17/2022 22:30,0
12/17/2022 23:00,0
12/17/2022 23:30,0
12/18/2022 0:00,0
12/18/2022 0:30,0
12/18/2022 1:00,0
12/18/2022 1:30,0
12/18/2022 2:00,0
12/18/2022 2:30,0
12/18/2022 3:00,0
12/18/2022 3:30,0
12/18/2022 4:00,0
12/18/2022 4:30,0
12/18/2022 5:00,0
12/18/2022 5:30,0
12/18/2022 6:00,0
12/18/2022 6:30,0
12/18/2022 7:00,0
12/18/2022 7:30,0
12/18/2022 8:00,0
12/18/2022 8:30,0
12/18/2022 9:00,0
12/18/2022 9:30,0
12/18/2022 10:00,0
12/18/2022 10:30,0
12/18/2022 11:00,0
12/18/2022 11:30,0
12/18/2022 12:00,0
12/18/2022 12:30,0
12/18/2022 13:00,0
12/18/2022 13:30,0
12/18/2022 14:00,0
12/18/2022 14:30,0
12/18/2022 15:00,0
12/18/2022 15:30,0
12/18/2022 16:00,0
12/18/2022 16:30,0
12/18/2022 17:00,0
12/18/2022 17:30,0
12/18/2022 18:00,0
12/18/2022 18:30,0
12/18/2022 19:00,0
12/18/2022 19:30,0
12/18/2022 20:00,0
12/18/2022 20:30,0
12/18/2022 21:00,0
12/18/2022 21:30,0
12/18/2022 22:00,0
12/18/2022 22:30,0
12/18/2022 23:00,0
12/18/2022 23:30,0
12/19/2022 0:00,0
12/19/2022 0:30,0
12/19/2022 1:00,0
12/19/2022 1:30,0
12/19/2022 2:00,0
12/19/2022 2:30,0
12/19/2022 3:00,0
12/19/2022 3:30,0
12/19/2022 4:00,0
12/19/2022 4:30,0
12/19/2022 5:00,0
12/19/2022 5:30,0
12/19/2022 6:00,0
12/19/2022 6:30,0
12/19/2022 7:00,0
12/19/2022 7:30,0
12/19/2022 8:00,0
12/19/2022 8:30,0
12/19/2022 9:00,0
12/19/2022 9:30,0
12/19/2022 10:00,0
12/19/2022 10:30,0
12/19/2022 11:00,0
12/19/2022 11:30,0
12/19/2022 12:00,0
12/19/2022 12:30,0
12/19/2022 13:00,0
12/19/2022 13:30,0
12/19/2022 14:00,0
12/19/2022 14:30,0
12/19/2022 15:00,0
12/19/2022 15:30,0
12/19/2022 16:00,0
12/19/2022 16:30,0
12/19/2022 17:00,0
12/19/2022 17:30,0
12/19/2022 18:00,0
12/19/2022 18:30,0
12/19/2022 19:00,0
12/19/2022 19:30,0
12/19/2022 20:00,0
12/19/2022 20:30,0
12/19/2022 21:00,0
12/19/2022 21:30,0
12/19/2022 22:00,0
12/19/2022 22:30,0
12/19/2022 23:00,0
12/19/2022 23:30,0
12/20/2022 0:00,0
12/20/2022 0:30,0
12/20/2022 1:00,0
12/20/2022 1:30,0
12/20/2022 2:00,0
12/20/2022 2:30,0
12/20/2022 3:00,0
12/20/2022 3:30,0
12/20/2022 4:00,0
12/20/2022 4:30,0
12/20/2022 5:00,0
12/20/2022 5:30,0
12/20/2022 6:00,0
12/20/2022 6:30,0
12/20/2022 7:00,0
12/20/2022 7:30,0
12/20/2022 8:00,0
12/20/2022 8:30,0
12/20/2022 9:00,0
12/20/2022 9:30,0
12/20/2022 10:00,0
12/20/2022 10:30,0
12/20/2022 11:00,0
12/20/2022 11:30,0
12/20/2022 12:00,0
12/20/2022 12:30,0
12/20/2022 13:00,0
12/20/2022 13:30,0
12/20/2022 14:00,0
12/20/2022 14:30,0
12/20/2022 15:00,0
12/20/2022 15:30,0
12/20/2022 16:00,0
12/20/2022 16:30,0
12/20/2022 17:00,0
12/20/2022 17:30,0
12/20/2022 18:00,0
12/20/2022 18:30,0
12/20/2022 19:00,0
12/20/2022 19:30,0
12/20/2022 20:00,0
12/20/2022 20:30,0
12/20/2022 21:00,0
12/20/2022 21:30,0
12/20/2022 22:00,0
12/20/2022 22:30,0
12/20/2022 23:00,0
12/20/2022 23:30,0
12/21/2022 0:00,0
12/21/2022 0:30,0
12/21/2022 1:00,0
12/21/2022 1:30,0
12/21/2022 2:00,0
12/21/2022 2:30,0
12/21/2022 3:00,0
12/21/2022 3:30,0
12/21/2022 4:00,0
12/21/2022 4:30,0
12/21/2022 5:00,0
12/21/2022 5:30,0
12/21/2022 6:00,0
12/21/2022 6:30,0
12/21/2022 7:00,0
12/21/2022 7:30,0
12/21/2022 8:00,0
12/21/2022 8:30,0
12/21/2022 9:00,0
12/21/2022 9:30,0
12/21/2022 10:00,0
12/21/2022 10:30,0
12/21/2022 11:00,0
12/21/2022 11:30,0
12/21/2022 12:00,0
12/21/2022 12:30,0
12/21/2022 13:00,0
12/21/2022 13:30,0
12/21/2022 14:00,0
12/21/2022 14:30,0
12/21/2022 15:00,0
12/21/2022 15:30,0
12/21/2022 16:00,0
12/21/2022 16:30,0
12/21/2022 17:00,0
12/21/2022 17:30,0
12/21/2022 18:00,0
12/21/2022 18:30,0
12/21/2022 19:00,0
12/21/2022 19:30,0
12/21/2022 20:00,0
12/21/2022 20:30,0
12/21/2022 21:00,0
12/21/2022 21:30,0
12/21/2022 22:00,0
12/21/2022 22:30,0
12/21/2022 23:00,0
12/21/2022 23:30,0
12/22/2022 0:00,0
12/22/2022 0:30,0
12/22/2022 1:00,0
12/22/2022 1:30,0
12/22/2022 2:00,0
12/22/2022 2:30,0
12/22/2022 3:00,0
12/22/2022 3:30,0
12/22/2022 4:00,0
12/22/2022 4:30,0
12/22/2022 5:00,0
12/22/2022 5:30,0
12/22/2022 6:00,0
12/22/2022 6:30,0
12/22/2022 7:00,0
12/22/2022 7:30,0
12/22/2022 8:00,0
12/22/2022 8:30,0
12/22/2022 9:00,0
12/22/2022 9:30,0
12/22/2022 10:00,0
12/22/2022 10:30,0
12/22/2022 11:00,0
12/22/2022 11:30,0
12/22/2022 12:00,0
12/22/2022 12:30,0
12/22/2022 13:00,0
12/22/2022 13:30,0
12/22/2022 14:00,0
12/22/2022 14:30,0
12/22/2022 15:00,0
12/22/2022 15:30,0
12/22/2022 16:00,0
12/22/2022 16:30,0
12/22/2022 17:00,0
12/22/2022 17:30,0
12/22/2022 18:00,0
12/22/2022 18:30,0
12/22/2022 19:00,0
12/22/2022 19:30,0
12/22/2022 20:00,0
12/22/2022 20:30,0
12/22/2022 21:00,0
12/22/2022 21:30,0
12/22/2022 22:00,0
12/22/2022 22:30,0
12/22/2022 23:00,0
12/22/2022 23:30,0
12/23/2022 0:00,0
12/23/2022 0:30,0
12/23/2022 1:00,0
12/23/2022 1:30,0
12/23/2022 2:00,0
12/23/2022 2:30,0
12/23/2022 3:00,0
12/23/2022 3:30,0
12/23/2022 4:00,0
12/23/2022 4:30,0
12/23/2022 5:00,0
12/23/2022 5:30,0
12/23/2022 6:00,0
12/23/2022 6:30,0
12/23/2022 7:00,0
12/23/2022 7:30,0
12/23/2022 8:00,0
12/23/2022 8:30,0
12/23/2022 9:00,0
12/23/2022 9:30,0
12/23/2022 10:00,0
12/23/2022 10:30,0
12/23/2022 11:00,0
12/23/2022 11:30,0
12/23/2022 12:00,0
12/23/2022 12:30,0
12/23/2022 13:00,0
12/23/2022 13:30,0
12/23/2022 14:00,0
12/23/2022 14:30,0
12/23/2022 15:00,0
12/23/2022 15:30,0
12/23/2022 16:00,0
12/23/2022 16:30,0
12/23/2022 17:00,0
12/23/2022 17:30,0
12/23/2022 18:00,0
12/23/2022 18:30,0
12/23/2022 19:00,0
12/23/2022 19:30,0
12/23/2022 20:00,0
12/23/2022 20:30,0
12/23/2022 21:00,0
12/23/2022 21:30,0
12/23/2022 22:00,0
12/23/2022 22:30,0
12/23/2022 23:00,0
12/23/2022 23:30,0
12/24/2022 0:00,0
12/24/2022 0:30,0
12/24/2022 1:00,0
12/24/2022 1:30,0
12/24/2022 2:00,0
12/24/2022 2:30,0
12/24/2022 3:00,0
12/24/2022 3:30,0
12/24/2022 4:00,0
12/24/2022 4:30,0
12/24/2022 5:00,0
12/24/2022 5:30,0
12/24/2022 6:00,0
12/24/2022 6:30,0
12/24/2022 7:00,0
12/24/2022 7:30,0
12/24/2022 8:00,0
12/24/2022 8:30,0
12/24/2022 9:00,0
12/24/2022 9:30,0
12/24/2022 10:00,0
12/24/2022 10:30,0
12/24/2022 11:00,0
12/24/2022 11:30,0
12/24/2022 12:00,0
12/24/2022 12:30,0
12/24/2022 13:00,0
12/24/2022 13:30,0
12/24/2022 14:00,0
12/24/2022 14:30,0
12/24/2022 15:00,0
12/24/2022 15:30,0
12/24/2022 16:00,0
12/24/2022 16:30,0
12/24/2022 17:00,0
12/24/2022 17:30,0
12/24/2022 18:00,0
12/24/2022 18:30,0
12/24/2022 19:00,0
12/24/2022 19:30,0
12/24/2022 20:00,0
12/24/2022 20:30,0
12/24/2022 21:00,0
12/24/2022 21:30,0
12/24/2022 22:00,0
12/24/2022 22:30,0
12/24/2022 23:00,0
12/24/2022 23:30,0
12/25/2022 0:00,0
12/25/2022 0:30,0
12/25/2022 1:00,0
12/25/2022 1:30,0
12/25/2022 2:00,0
12/25/2022 2:30,0
12/25/2022 3:00,0
12/25/2022 3:30,0
12/25/2022 4:00,0
12/25/2022 4:30,0
12/25/2022 5:00,0
12/25/2022 5:30,0
12/25/2022 6:00,0
12/25/2022 6:30,0
12/25/2022 7:00,0
12/25/2022 7:30,0
12/25/2022 8:00,0
12/25/2022 8:30,0
12/25/2022 9:00,0
12/25/2022 9:30,0
12/25/2022 10:00,0
12/25/2022 10:30,0
12/25/2022 11:00,0
12/25/2022 11:30,0
12/25/2022 12:00,0
12/25/2022 12:30,0
12/25/2022 13:00,0
12/25/2022 13:30,0
12/25/2022 14:00,0
12/25/2022 14:30,0
12/25/2022 15:00,0
12/25/2022 15:30,0
12/25/2022 16:00,0
12/25/2022 16:30,0
12/25/2022 17:00,0
12/25/2022 17:30,0
12/25/2022 18:00,0
12/25/2022 18:30,0
12/25/2022 19:00,0
12/25/2022 19:30,0
12/25/2022 20:00,0
12/25/2022 20:30,0
12/25/2022 21:00,0
12/25/2022 21:30,0
12/25/2022 22:00,0
12/25/2022 22:30,0
12/25/2022 23:00,0
12/25/2022 23:30,0
12/26/2022 0:00,0
12/26/2022 0:30,0
12/26/2022 1:00,0
12/26/2022 1:30,0
12/26/2022 2:00,0
12/26/2022 2:30,0
12/26/2022 3:00,0
12/26/2022 3:30,0
12/26/2022 4:00,0
12/26/2022 4:30,0
12/26/2022 5:00,0
12/26/2022 5:30,0
12/26/2022 6:00,0
12/26/2022 6:30,0
12/26/2022 7:00,0
12/26/2022 7:30,0
12/26/2022 8:00,0
12/26/2022 8:30,0
12/26/2022 9:00,0
12/26/2022 9:30,0
12/26/2022 10:00,0
12/26/2022 10:30,0
12/26/2022 11:00,0
12/26/2022 11:30,0
12/26/2022 12:00,0
12/26/2022 12:30,0
12/26/2022 13:00,0
12/26/2022 13:30,0
12/26/2022 14:00,0
12/26/2022 14:30,0
12/26/2022 15:00,0
12/26/2022 15:30,0
12/26/2022 16:00,0
12/26/2022 16:30,0
12/26/2022 17:00,0
12/26/2022 17:30,0
12/26/2022 18:00,0
12/26/2022 18:30,0
12/26/2022 19:00,0
12/26/2022 19:30,0
12/26/2022 20:00,0
12/26/2022 20:30,0
12/26/2022 21:00,0
12/26/2022 21:30,0
12/26/2022 22:00,0
12/26/2022 22:30,0
12/26/2022 23:00,0
12/26/2022 23:30,0
12/27/2022 0:00,0
12/27/2022 0:30,0
12/27/2022 1:00,0
12/27/2022 1:30,0
12/27/2022 2:00,0
12/27/2022 2:30,0
12/27/2022 3:00,0
12/27/2022 3:30,0
12/27/2022 4:00,0
12/27/2022 4:30,0
12/27/2022 5:00,0
12/27/2022 5:30,0
12/27/2022 6:00,0
12/27/2022 6:30,0
12/27/2022 7:00,0
12/27/2022 7:30,0
12/27/2022 8:00,0
12/27/2022 8:30,0
12/27/2022 9:00,0
12/27/2022 9:30,0
12/27/2022 10:00,0
12/27/2022 10:30,0
12/27/2022 11:00,0
12/27/2022 11:30,0
12/27/2022 12:00,0
12/27/2022 12:30,0
12/27/2022 13:00,0
12/27/2022 13:30,0
12/27/2022 14:00,0
12/27/2022 14:30,0
12/27/2022 15:00,0
12/27/2022 15:30,0
12/27/2022 16:00,0
12/27/2022 16:30,0
12/27/2022 17:00,0
12/27/2022 17:30,0
12/27/2022 18:00,0
12/27/2022 18:30,0
12/27/2022 19:00,0
12/27/2022 19:30,0
12/27/2022 20:00,0
12/27/2022 20:30,0
12/27/2022 21:00,0
12/27/2022 21:30,0
12/27/2022 22:00,0
12/27/2022 22:30,0
12/27/2022 23:00,0
12/27/2022 23:30,0
12/28/2022 0:00,0
12/28/2022 0:30,0
12/28/2022 1:00,0
12/28/2022 1:30,0
12/28/2022 2:00,0
12/28/2022 2:30,0
12/28/2022 3:00,0
12/28/2022 3:30,0
12/28/2022 4:00,0
12/28/2022 4:30,0
12/28/2022 5:00,0
12/28/2022 5:30,0
12/28/2022 6:00,0
12/28/2022 6:30,0
12/28/2022 7:00,0
12/28/2022 7:30,0
12/28/2022 8:00,0
12/28/2022 8:30,0
12/28/2022 9:00,0
12/28/2022 9:30,0
12/28/2022 10:00,0
12/28/2022 10:30,0
12/28/2022 11:00,0
12/28/2022 11:30,0
12/28/2022 12:00,0
12/28/2022 12:30,0
12/28/2022 13:00,0
12/28/2022 13:30,0
12/28/2022 14:00,0
12/28/2022 14:30,0
12/28/2022 15:00,0
12/28/2022 15:30,0
12/28/2022 16:00,0
12/28/2022 16:30,0
12/28/2022 17:00,0
12/28/2022 17:30,0
12/28/2022 18:00,0
12/28/2022 18:30,0
12/28/2022 19:00,0
12/28/2022 19:30,0
12/28/2022 20:00,0
12/28/2022 20:30,0
12/28/2022 21:00,0
12/28/2022 21:30,0
12/28/2022 22:00,0
12/28/2022 22:30,0
12/28/2022 23:00,0
12/28/2022 23:30,0
12/29/2022 0:00,0
12/29/2022 0:30,0
12/29/2022 1:00,0
12/29/2022 1:30,0
12/29/2022 2:00,0
12/29/2022 2:30,0
12/29/2022 3:00,0
12/29/2022 3:30,0
12/29/2022 4:00,0
12/29/2022 4:30,0
12/29/2022 5:00,0
12/29/2022 5:30,0
12/29/2022 6:00,0
12/29/2022 6:30,0
12/29/2022 7:00,0
12/29/2022 7:30,0
12/29/2022 8:00,0
12/29/2022 8:30,0
12/29/2022 9:00,0
12/29/2022 9:30,0
12/29/2022 10:00,0
12/29/2022 10:30,0
12/29/2022 11:00,0
12/29/2022 11:30,0
12/29/2022 12:00,0
12/29/2022 12:30,0
12/29/2022 13:00,0
12/29/2022 13:30,0
12/29/2022 14:00,0
12/29/2022 14:30,0
12/29/2022 15:00,0
12/29/2022 15:30,0
12/29/2022 16:00,0
12/29/2022 16:30,0
12/29/2022 17:00,0
12/29/2022 17:30,0
12/29/2022 18:00,0
12/29/2022 18:30,0
12/29/2022 19:00,0
12/29/2022 19:30,0
12/29/2022 20:00,0
12/29/2022 20:30,0
12/29/2022 21:00,0
12/29/2022 21:30,0
12/29/2022 22:00,0
12/29/2022 22:30,0
12/29/2022 23:00,0
12/29/2022 23:30,0
12/30/2022 0:00,0
12/30/2022 0:30,0
12/30/2022 1:00,0.4
12/30/2022 1:30,1.4
12/30/2022 2:00,0.7
12/30/2022 2:30,0.7
12/30/2022 3:00,0.3
12/30/2022 3:30,0.2
12/30/2022 4:00,0.5
12/30/2022 4:30,0.5
12/30/2022 5:00,0.1
12/30/2022 5:30,0.2
12/30/2022 6:00,0.1
12/30/2022 6:30,0
12/30/2022 7:00,0
12/30/2022 7:30,0
12/30/2022 8:00,0
12/30/2022 8:30,0.1
12/30/2022 9:00,0
12/30/2022 9:30,0
12/30/2022 10:00,0
12/30/2022 10:30,0
12/30/2022 11:00,0
12/30/2022 11:30,0
12/30/2022 12:00,0
12/30/2022 12:30,0
12/30/2022 13:00,0
12/30/2022 13:30,0
12/30/2022 14:00,0
12/30/2022 14:30,0
12/30/2022 15:00,0
12/30/2022 15:30,0
12/30/2022 16:00,0
12/30/2022 16:30,0
12/30/2022 17:00,0
12/30/2022 17:30,0
12/30/2022 18:00,0
12/30/2022 18:30,0
12/30/2022 19:00,0
12/30/2022 19:30,0
12/30/2022 20:00,0
12/30/2022 20:30,0
12/30/2022 21:00,0
12/30/2022 21:30,0
12/30/2022 22:00,0
12/30/2022 22:30,0
12/30/2022 23:00,0
12/30/2022 23:30,0
12/31/2022 0:00,0
12/31/2022 0:30,0
12/31/2022 1:00,0
12/31/2022 1:30,0
12/31/2022 2:00,0
12/31/2022 2:30,0
12/31/2022 3:00,0
12/31/2022 3:30,0
12/31/2022 4:00,0
12/31/2022 4:30,0
12/31/2022 5:00,0
12/31/2022 5:30,0
12/31/2022 6:00,0
12/31/2022 6:30,0
12/31/2022 7:00,0
12/31/2022 7:30,0
12/31/2022 8:00,0
12/31/2022 8:30,0
12/31/2022 9:00,0
12/31/2022 9:30,0
12/31/2022 10:00,0
12/31/2022 10:30,0
12/31/2022 11:00,0
12/31/2022 11:30,0
12/31/2022 12:00,0
12/31/2022 12:30,0
12/31/2022 13:00,0
12/31/2022 13:30,0
12/31/2022 14:00,0
12/31/2022 14:30,0
12/31/2022 15:00,0
12/31/2022 15:30,0
12/31/2022 16:00,0
12/31/2022 16:30,0
12/31/2022 17:00,0
12/31/2022 17:30,0
12/31/2022 18:00,0
12/31/2022 18:30,0
12/31/2022 19:00,0
12/31/2022 19:30,0
12/31/2022 20:00,0
12/31/2022 20:30,0
12/31/2022 21:00,0
12/31/2022 21:30,0
12/31/2022 22:00,0
12/31/2022 22:30,0
12/31/2022 23:00,0
12/31/2022 23:30,0
1/1/2023 0:00,0
1/1/2023 0:30,0
1/1/2023 1:00,0
1/1/2023 1:30,0
1/1/2023 2:00,0
1/1/2023 2:30,0
1/1/2023 3:00,0
1/1/2023 3:30,0
1/1/2023 4:00,0
1/1/2023 4:30,0
1/1/2023 5:00,0
1/1/2023 5:30,0
1/1/2023 6:00,0
1/1/2023 6:30,0
1/1/2023 7:00,0
1/1/2023 7:30,0
1/1/2023 8:00,0
1/1/2023 8:30,0
1/1/2023 9:00,0
1/1/2023 9:30,0
1/1/2023 10:00,0
1/1/2023 10:30,0
1/1/2023 11:00,0
1/1/2023 11:30,0
1/1/2023 12:00,0
1/1/2023 12:30,0
1/1/2023 13:00,0
1/1/2023 13:30,0
1/1/2023 14:00,0
1/1/2023 14:30,0
1/1/2023 15:00,0
1/1/2023 15:30,0
1/1/2023 16:00,0
1/1/2023 16:30,0
1/1/2023 17:00,0
1/1/2023 17:30,0
1/1/2023 18:00,0
1/1/2023 18:30,0
1/1/2023 19:00,0
1/1/2023 19:30,0
1/1/2023 20:00,0
1/1/2023 20:30,0
1/1/2023 21:00,0
1/1/2023 21:30,0
1/1/2023 22:00,0
1/1/2023 22:30,0
1/1/2023 23:00,0
1/1/2023 23:30,0
1/2/2023 0:00,0
1/2/2023 0:30,0
1/2/2023 1:00,0
1/2/2023 1:30,0
1/2/2023 2:00,0
1/2/2023 2:30,0
1/2/2023 3:00,0
1/2/2023 3:30,0
1/2/2023 4:00,0
1/2/2023 4:30,0
1/2/2023 5:00,0
1/2/2023 5:30,0
1/2/2023 6:00,0
1/2/2023 6:30,0
1/2/2023 7:00,0
1/2/2023 7:30,0
1/2/2023 8:00,0
1/2/2023 8:30,0
1/2/2023 9:00,0
1/2/2023 9:30,0
1/2/2023 10:00,0
1/2/2023 10:30,0
1/2/2023 11:00,0
1/2/2023 11:30,0
1/2/2023 12:00,0
1/2/2023 12:30,0
1/2/2023 13:00,0
1/2/2023 13:30,0
1/2/2023 14:00,0
1/2/2023 14:30,0
1/2/2023 15:00,0
1/2/2023 15:30,0
1/2/2023 16:00,0
1/2/2023 16:30,0
1/2/2023 17:00,0
1/2/2023 17:30,0
1/2/2023 18:00,0
1/2/2023 18:30,0
1/2/2023 19:00,0
1/2/2023 19:30,0
1/2/2023 20:00,0
1/2/2023 20:30,0
1/2/2023 21:00,0
1/2/2023 21:30,0
1/2/2023 22:00,0
1/2/2023 22:30,0
1/2/2023 23:00,0
1/2/2023 23:30,0
1/3/2023 0:00,0
1/3/2023 0:30,0
1/3/2023 1:00,0
1/3/2023 1:30,0
1/3/2023 2:00,0
1/3/2023 2:30,0
1/3/2023 3:00,0
1/3/2023 3:30,0
1/3/2023 4:00,0
1/3/2023 4:30,0
1/3/2023 5:00,0
1/3/2023 5:30,0
1/3/2023 6:00,0
1/3/2023 6:30,0
1/3/2023 7:00,0
1/3/2023 7:30,0
1/3/2023 8:00,0
1/3/2023 8:30,0
1/3/2023 9:00,0
1/3/2023 9:30,0
1/3/2023 10:00,0
1/3/2023 10:30,0
1/3/2023 11:00,0
1/3/2023 11:30,0
1/3/2023 12:00,0
1/3/2023 12:30,0
1/3/2023 13:00,0
1/3/2023 13:30,0
1/3/2023 14:00,0
1/3/2023 14:30,0
1/3/2023 15:00,0
1/3/2023 15:30,0
1/3/2023 16:00,0
1/3/2023 16:30,0
1/3/2023 17:00,0
1/3/2023 17:30,0
1/3/2023 18:00,0
1/3/2023 18:30,0
1/3/2023 19:00,0
1/3/2023 19:30,0
1/3/2023 20:00,0
1/3/2023 20:30,0
1/3/2023 21:00,0
1/3/2023 21:30,0
1/3/2023 22:00,0
1/3/2023 22:30,0
1/3/2023 23:00,0
1/3/2023 23:30,0
1/4/2023 0:00,0
1/4/2023 0:30,0
1/4/2023 1:00,0
1/4/2023 1:30,0
1/4/2023 2:00,0
1/4/2023 2:30,0
1/4/2023 3:00,0
1/4/2023 3:30,0
1/4/2023 4:00,0
1/4/2023 4:30,0
1/4/2023 5:00,0
1/4/2023 5:30,0
1/4/2023 6:00,0
1/4/2023 6:30,0
1/4/2023 7:00,0
1/4/2023 7:30,0
1/4/2023 8:00,0
1/4/2023 8:30,0
1/4/2023 9:00,0
1/4/2023 9:30,0
1/4/2023 10:00,0
1/4/2023 10:30,0
1/4/2023 11:00,0
1/4/2023 11:30,0
1/4/2023 12:00,0
1/4/2023 12:30,0
1/4/2023 13:00,0
1/4/2023 13:30,0
1/4/2023 14:00,0
1/4/2023 14:30,0
1/4/2023 15:00,0
1/4/2023 15:30,0
1/4/2023 16:00,0
1/4/2023 16:30,0
1/4/2023 17:00,0
1/4/2023 17:30,0
1/4/2023 18:00,0
1/4/2023 18:30,0
1/4/2023 19:00,0
1/4/2023 19:30,0
1/4/2023 20:00,0
1/4/2023 20:30,0
1/4/2023 21:00,0
1/4/2023 21:30,0
1/4/2023 22:00,0
1/4/2023 22:30,0
1/4/2023 23:00,0
1/4/2023 23:30,0
1/5/2023 0:00,0
1/5/2023 0:30,0
1/5/2023 1:00,0
1/5/2023 1:30,0
1/5/2023 2:00,0
1/5/2023 2:30,0
1/5/2023 3:00,0
1/5/2023 3:30,0
1/5/2023 4:00,0
1/5/2023 4:30,0
1/5/2023 5:00,0
1/5/2023 5:30,0
1/5/2023 6:00,0
1/5/2023 6:30,0
1/5/2023 7:00,0
1/5/2023 7:30,0
1/5/2023 8:00,0
1/5/2023 8:30,0
1/5/2023 9:00,0
1/5/2023 9:30,0
1/5/2023 10:00,0
1/5/2023 10:30,0
1/5/2023 11:00,0
1/5/2023 11:30,0
1/5/2023 12:00,0
1/5/2023 12:30,0
1/5/2023 13:00,0
1/5/2023 13:30,0
1/5/2023 14:00,0
1/5/2023 14:30,0
1/5/2023 15:00,0
1/5/2023 15:30,0
1/5/2023 16:00,0
1/5/2023 16:30,0
1/5/2023 17:00,0
1/5/2023 17:30,0
1/5/2023 18:00,0
1/5/2023 18:30,0
1/5/2023 19:00,0
1/5/2023 19:30,0
1/5/2023 20:00,0
1/5/2023 20:30,0
1/5/2023 21:00,0
1/5/2023 21:30,0
1/5/2023 22:00,0
1/5/2023 22:30,0
1/5/2023 23:00,0
1/5/2023 23:30,0
1/6/2023 0:00,0
1/6/2023 0:30,0
1/6/2023 1:00,0
1/6/2023 1:30,0
1/6/2023 2:00,0
1/6/2023 2:30,0
1/6/2023 3:00,0
1/6/2023 3:30,0
1/6/2023 4:00,0
1/6/2023 4:30,0
1/6/2023 5:00,0
1/6/2023 5:30,0
1/6/2023 6:00,0
1/6/2023 6:30,0
1/6/2023 7:00,0
1/6/2023 7:30,0
1/6/2023 8:00,0
1/6/2023 8:30,0
1/6/2023 9:00,0
1/6/2023 9:30,0
1/6/2023 10:00,0
1/6/2023 10:30,0
1/6/2023 11:00,0
1/6/2023 11:30,0
1/6/2023 12:00,0
1/6/2023 12:30,0
1/6/2023 13:00,0
1/6/2023 13:30,0
1/6/2023 14:00,0
1/6/2023 14:30,0
1/6/2023 15:00,0
1/6/2023 15:30,0
1/6/2023 16:00,0
1/6/2023 16:30,0
1/6/2023 17:00,0
1/6/2023 17:30,0
1/6/2023 18:00,0
1/6/2023 18:30,0
1/6/2023 19:00,0
1/6/2023 19:30,0
1/6/2023 20:00,0
1/6/2023 20:30,0
1/6/2023 21:00,0
1/6/2023 21:30,0
1/6/2023 22:00,0
1/6/2023 22:30,0
1/6/2023 23:00,0
1/6/2023 23:30,0
1/7/2023 0:00,0
1/7/2023 0:30,0
1/7/2023 1:00,0
1/7/2023 1:30,0
1/7/2023 2:00,0
1/7/2023 2:30,0
1/7/2023 3:00,0
1/7/2023 3:30,0
1/7/2023 4:00,0
1/7/2023 4:30,0
1/7/2023 5:00,0
1/7/2023 5:30,0
1/7/2023 6:00,0
1/7/2023 6:30,0
1/7/2023 7:00,0
1/7/2023 7:30,0
1/7/2023 8:00,0
1/7/2023 8:30,0
1/7/2023 9:00,0
1/7/2023 9:30,0
1/7/2023 10:00,0
1/7/2023 10:30,0
1/7/2023 11:00,0
1/7/2023 11:30,0
1/7/2023 12:00,0
1/7/2023 12:30,0
1/7/2023 13:00,0
1/7/2023 13:30,0
1/7/2023 14:00,0
1/7/2023 14:30,0
1/7/2023 15:00,0
1/7/2023 15:30,0
1/7/2023 16:00,0
1/7/2023 16:30,0
1/7/2023 17:00,0
1/7/2023 17:30,0
1/7/2023 18:00,0
1/7/2023 18:30,0
1/7/2023 19:00,0
1/7/2023 19:30,0
1/7/2023 20:00,0
1/7/2023 20:30,0
1/7/2023 21:00,0
1/7/2023 21:30,0
1/7/2023 22:00,0
1/7/2023 22:30,0
1/7/2023 23:00,0
1/7/2023 23:30,0
1/8/2023 0:00,0
1/8/2023 0:30,0
1/8/2023 1:00,0
1/8/2023 1:30,0
1/8/2023 2:00,0
1/8/2023 2:30,0
1/8/2023 3:00,0
1/8/2023 3:30,0
1/8/2023 4:00,0
1/8/2023 4:30,0
1/8/2023 5:00,0
1/8/2023 5:30,0
1/8/2023 6:00,0
1/8/2023 6:30,0
1/8/2023 7:00,0
1/8/2023 7:30,0
1/8/2023 8:00,0
1/8/2023 8:30,0
1/8/2023 9:00,0
1/8/2023 9:30,0
1/8/2023 10:00,0
1/8/2023 10:30,0
1/8/2023 11:00,0
1/8/2023 11:30,0
1/8/2023 12:00,0
1/8/2023 12:30,0
1/8/2023 13:00,0
1/8/2023 13:30,0
1/8/2023 14:00,0
1/8/2023 14:30,0
1/8/2023 15:00,0
1/8/2023 15:30,0
1/8/2023 16:00,0
1/8/2023 16:30,0
1/8/2023 17:00,0
1/8/2023 17:30,0
1/8/2023 18:00,0
1/8/2023 18:30,0
1/8/2023 19:00,0
1/8/2023 19:30,0
1/8/2023 20:00,0
1/8/2023 20:30,0
1/8/2023 21:00,0
1/8/2023 21:30,0
1/8/2023 22:00,0
1/8/2023 22:30,0
1/8/2023 23:00,0
1/8/2023 23:30,0
1/9/2023 0:00,0
1/9/2023 0:30,0
1/9/2023 1:00,0
1/9/2023 1:30,0
1/9/2023 2:00,0
1/9/2023 2:30,0
1/9/2023 3:00,0
1/9/2023 3:30,0
1/9/2023 4:00,0
1/9/2023 4:30,0
1/9/2023 5:00,0
1/9/2023 5:30,0
1/9/2023 6:00,0
1/9/2023 6:30,0
1/9/2023 7:00,0
1/9/2023 7:30,0
1/9/2023 8:00,0
1/9/2023 8:30,0
1/9/2023 9:00,0
1/9/2023 9:30,0
1/9/2023 10:00,0
1/9/2023 10:30,0
1/9/2023 11:00,0
1/9/2023 11:30,0
1/9/2023 12:00,0
1/9/2023 12:30,0
1/9/2023 13:00,0
1/9/2023 13:30,0
1/9/2023 14:00,0
1/9/2023 14:30,0
1/9/2023 15:00,0
1/9/2023 15:30,0
1/9/2023 16:00,0
1/9/2023 16:30,0
1/9/2023 17:00,0
1/9/2023 17:30,0
1/9/2023 18:00,0
1/9/2023 18:30,0
1/9/2023 19:00,0
1/9/2023 19:30,0
1/9/2023 20:00,0
1/9/2023 20:30,0
1/9/2023 21:00,0
1/9/2023 21:30,0
1/9/2023 22:00,0
1/9/2023 22:30,0
1/9/2023 23:00,0
1/9/2023 23:30,0
1/10/2023 0:00,0
1/10/2023 0:30,0
1/10/2023 1:00,0
1/10/2023 1:30,0
1/10/2023 2:00,0
1/10/2023 2:30,0
1/10/2023 3:00,0
1/10/2023 3:30,0
1/10/2023 4:00,0
1/10/2023 4:30,0
1/10/2023 5:00,0
1/10/2023 5:30,0
1/10/2023 6:00,0
1/10/2023 6:30,0
1/10/2023 7:00,0
1/10/2023 7:30,0
1/10/2023 8:00,0
1/10/2023 8:30,0
1/10/2023 9:00,0
1/10/2023 9:30,0
1/10/2023 10:00,0
1/10/2023 10:30,0
1/10/2023 11:00,0
1/10/2023 11:30,0
1/10/2023 12:00,0
1/10/2023 12:30,0
1/10/2023 13:00,0
1/10/2023 13:30,0
1/10/2023 14:00,0
1/10/2023 14:30,0
1/10/2023 15:00,0
1/10/2023 15:30,0
1/10/2023 16:00,0
1/10/2023 16:30,0
1/10/2023 17:00,0
1/10/2023 17:30,0
1/10/2023 18:00,0
1/10/2023 18:30,0
1/10/2023 19:00,0
1/10/2023 19:30,0
1/10/2023 20:00,0
1/10/2023 20:30,0
1/10/2023 21:00,0
1/10/2023 21:30,0
1/10/2023 22:00,0
1/10/2023 22:30,0
1/10/2023 23:00,0
1/10/2023 23:30,0
1/11/2023 0:00,0
1/11/2023 0:30,0
1/11/2023 1:00,0
1/11/2023 1:30,0
1/11/2023 2:00,0
1/11/2023 2:30,0
1/11/2023 3:00,0
1/11/2023 3:30,0
1/11/2023 4:00,0
1/11/2023 4:30,0
1/11/2023 5:00,0
1/11/2023 5:30,0
1/11/2023 6:00,0
1/11/2023 6:30,0
1/11/2023 7:00,0
1/11/2023 7:30,0
1/11/2023 8:00,0
1/11/2023 8:30,0
1/11/2023 9:00,0
1/11/2023 9:30,0
1/11/2023 10:00,0
1/11/2023 10:30,0
1/11/2023 11:00,0
1/11/2023 11:30,0
1/11/2023 12:00,0
1/11/2023 12:30,0
1/11/2023 13:00,0
1/11/2023 13:30,0
1/11/2023 14:00,0
1/11/2023 14:30,0
1/11/2023 15:00,0
1/11/2023 15:30,0
1/11/2023 16:00,0
1/11/2023 16:30,0
1/11/2023 17:00,0
1/11/2023 17:30,0
1/11/2023 18:00,0
1/11/2023 18:30,0
1/11/2023 19:00,0
1/11/2023 19:30,0
1/11/2023 20:00,0
1/11/2023 20:30,0
1/11/2023 21:00,0
1/11/2023 21:30,0
1/11/2023 22:00,0
1/11/2023 22:30,0
1/11/2023 23:00,0
1/11/2023 23:30,0
1/12/2023 0:00,0
1/12/2023 0:30,0
1/12/2023 1:00,0
1/12/2023 1:30,0
1/12/2023 2:00,0
1/12/2023 2:30,0
1/12/2023 3:00,0
1/12/2023 3:30,0
1/12/2023 4:00,0
1/12/2023 4:30,0
1/12/2023 5:00,0
1/12/2023 5:30,0
1/12/2023 6:00,0
1/12/2023 6:30,0
1/12/2023 7:00,0
1/12/2023 7:30,0
1/12/2023 8:00,0
1/12/2023 8:30,0
1/12/2023 9:00,0
1/12/2023 9:30,0
1/12/2023 10:00,0
1/12/2023 10:30,0
1/12/2023 11:00,0
1/12/2023 11:30,0
1/12/2023 12:00,0
1/12/2023 12:30,0
1/12/2023 13:00,0
1/12/2023 13:30,0
1/12/2023 14:00,0
1/12/2023 14:30,0
1/12/2023 15:00,0
1/12/2023 15:30,0
1/12/2023 16:00,0
1/12/2023 16:30,0
1/12/2023 17:00,0
1/12/2023 17:30,0
1/12/2023 18:00,0
1/12/2023 18:30,0
1/12/2023 19:00,0
1/12/2023 19:30,0
1/12/2023 20:00,0
1/12/2023 20:30,0
1/12/2023 21:00,0
1/12/2023 21:30,0
1/12/2023 22:00,0
1/12/2023 22:30,0
1/12/2023 23:00,0
1/12/2023 23:30,0
1/13/2023 0:00,0
1/13/2023 0:30,0
1/13/2023 1:00,0
1/13/2023 1:30,0
1/13/2023 2:00,0
1/13/2023 2:30,0
1/13/2023 3:00,0
1/13/2023 3:30,0
1/13/2023 4:00,0
1/13/2023 4:30,0
1/13/2023 5:00,0
1/13/2023 5:30,0
1/13/2023 6:00,0
1/13/2023 6:30,0
1/13/2023 7:00,0
1/13/2023 7:30,0
1/13/2023 8:00,0
1/13/2023 8:30,0
1/13/2023 9:00,0
1/13/2023 9:30,0
1/13/2023 10:00,0
1/13/2023 10:30,0
1/13/2023 11:00,0
